"latitude","longitude"
28.55,115.9333
51,9
25.0392,121.525
45.5848,-122.9117
48.86,2.35
41.8825,-87.6441
34.6836,113.5325
30.6667,104.0667
39.8897,115.275
41.7922,123.4328
47.4891,-122.2908
37.4906,127.02
37.3495,-122.1163
36.6683,116.9972
35.1613,-101.879
3.0833,101.65
59.8944,30.2642
34,9
35.685,139.7514
31.8639,117.2808
41.8471,-87.6248
56,24
39.9289,116.3883
32.0617,118.7778
22.25,114.1667
34.104,-117.6642
33.9777,-118.4351
25.0167,116.7116
45.75,126.65
47.6062,-122.3321
34.0115,-117.8535
51.5,-0.13
1.2931,103.8558
35.1404,-106.4877
48,68
26.0614,119.3061
36.7889,-114.1431
41.8876,-87.6368
37.567,-121.9829
23.5,121
29.4889,-98.3987
30.2936,120.1614
23.1167,113.25
15,100
43.88,125.3228
30,70
43.8833,25.9667
40.6522,109.8222
45.5833,9.1167
41.487,-90.4773
28.1792,113.1136
28.3031,-82.7048
32.0667,34.7667
22.2833,114.15
38.2582,-85.4526
32.4907,119.9081
37.57,126.98
31,36
-10,-55
20,77
-21.6667,-49.75
34.4065,-118.4015
62,15
-24.6464,25.9119
-5,120
33.4357,-111.9171
30.5801,114.2734
42.5065,-83.3491
40.8597,-74.4026
60,100
33.9908,-118.4601
29.8782,121.5495
35,105
41.0186,28.9647
4.6492,-74.0628
39,35
34.053,-118.2642
35.1802,136.9067
48.5813,25.6599
40.7801,-74.0633
-29,24
24.0656,111.948
29.5628,106.5528
45.1667,15.5
52.5,5.75
35.69,139.69
58.5167,31.2833
31.0456,121.3997
8,-66
19.4342,-99.1386
34.2583,108.9286
65,-18
22.8167,108.3167
38,-97
33.2,-117.2425
42.8326,-77.3096
21.0486,76.5344
42.2923,-83.7145
53.3606,83.7636
30.7343,76.7933
-33.8615,151.2055
32.3113,-90.3972
32.957,-117.1979
57.0355,9.9412
-25.9971,28.1299
29.3697,47.9783
25,45
13.754,100.5014
24.9139,118.5858
37.7269,112.4708
16,106
18.975,72.8258
25.0389,102.7183
38.4681,106.2731
17.3753,78.4744
21.0333,105.85
42,21.4333
18.5333,73.8667
52.2978,104.2964
44.2,27.3333
24.1433,120.6814
-23.4733,-46.6658
42.8333,12.8333
-8.8368,13.2332
6.2518,-75.5636
43,25
41.4486,-75.728
45.4551,-73.6084
-30.0333,-51.2
39.1068,-94.566
39,22
37.386,-122.0838
40.74,-73.9361
-34.5875,-58.6725
55.7522,37.6156
37.3887,-122.0188
33.8138,-117.7986
7,81
30.7522,120.75
51.5885,0.0182
43.4529,-80.5281
41.0333,14.2833
13.0833,80.2833
43.551,10.5891
27.7975,-97.3994
59.0833,38.1679
28.6667,77.2167
54.6833,25.3167
46.0667,11.1333
37.5985,126.9783
24,54
44.4167,8.95
18,105
53.154,17.2676
15,30
-17.75,-48.6333
52,20
22.5333,114.1333
47.7623,-122.2054
45.3333,10.3333
28.6,77.2
-21.1667,-47.8
46,25
53.5924,87.4308
37.3394,-121.895
50.0368,19.2308
28.5383,-81.3792
45.5078,-73.5804
1.3667,103.8
50.6107,36.5802
39.5,-8
34.1748,-117.8751
40.8326,-74.1307
51.9393,15.5058
47.0056,28.8575
49,32
-33.918,25.5701
31.5,34.75
30.78,76.69
56.95,24.1
44.4333,26.1
27.9994,120.6668
27.8456,120.4928
-22.9,-43.2333
39.0437,-77.4875
5.3814,100.3897
50.206,19.2701
42.6833,23.3167
42,43.5
33.5091,-112.0265
32.7597,-97.147
52.5167,13.4
36.2667,128.5667
-33.45,-70.6667
38.0033,-122.0318
45.5,-73.5833
43.85,18.3833
26,50.55
24.9056,67.0822
3.1667,101.7
40.0842,-82.9378
-23.0667,-52.4667
38.6312,-90.1922
26.9689,109.7725
32.1508,34.8883
40.676,-73.9629
25.8968,-80.1529
51.3167,13.35
40.7421,-74.0018
24,90
8.6703,-76.2092
-6.1744,106.8294
-27,133
36.6167,101.7667
-30.9546,-58.7833
19.43,-99.13
36.0312,-115.0739
39.1472,-94.5735
65.5833,22.15
55.2987,28.7739
53.5303,49.3461
4,-72
27.7167,85.3167
25.8338,-80.3017
41.0784,-104.7403
34.0438,-118.2512
36.0564,103.7922
49.75,15.5
13.1333,-61.2167
58.0093,56.2841
32,53
-37.7833,175.2833
40.9445,-74.07
36.9031,30.6991
56.0184,92.8672
41.8934,-84.0659
19.8333,105.25
39.9117,32.8403
46.8172,-95.8453
-34.9287,138.5986
4.1987,100.67
39.7525,-104.9995
33.69,73.0551
24.4798,118.0819
4.8133,-75.6961
47,8
29.1068,119.6442
41.409,-75.6624
-28.5391,25.2396
37.5155,-121.8962
13,122
33.6748,-111.9519
41.3972,-85.8699
53.368,-2.8499
41.5325,-90.6631
35.4639,48.8763
-37.8139,144.9634
40.8326,-73.8164
41.3833,2.1833
34.6864,135.52
34.9072,48.4414
42.0167,24.8667
-34,-64
55.9052,94.7537
49.559,22.203
23.4167,88.3667
-23.5167,-46.9
52.35,4.9167
40.7517,-73.9972
27.9475,-82.4584
6.7497,125.3572
29.7153,118.323
45.1342,33.6
34.0486,-118.4424
40.5186,-74.3499
27,30
41.6642,-73.0195
40.6833,14.7833
43.6,-79.65
-23.5667,-46.7833
44.7,7.85
24.3126,109.3892
52.4772,-1.8625
40.4998,-80.1842
57,25
42.15,24.75
55.0415,82.9346
8.2308,124.2361
-19.9167,-43.9333
33.8536,-118.134
32.7026,51.1537
28.5445,-81.3706
59.9167,10.75
31.3041,120.5954
44.2017,17.904
44.95,26.0167
17.7,83.3
44.7167,7.6833
45.05,7.6667
47.9167,106.9167
40,45
50.1167,8.6833
48.7858,44.7797
47.5,19.0833
42.9864,-78.7279
8.5667,-82.4167
59.3667,18.1333
56.3269,44.0075
48.897,2.2564
20.0458,110.3417
52.25,21
41.5667,13.3333
40,-4
12.9833,77.5833
48.8667,2.3333
34.2073,-84.1402
55.7887,49.1221
67.4988,64.0525
43.7667,11.25
41.9,12.4833
13.0012,120.796
-34.8581,-56.1708
42.0166,-71.2231
40.4555,-105.4648
38.7932,-77.5366
42.3862,-82.9119
50.8333,4
54.9,23.9
-28.6667,-49.3833
23.0268,113.1315
43.0622,-77.2196
33.5092,-111.899
36.7669,2.9611
22.3167,114.2167
25.7743,-80.1937
-24,-46.4
40.2143,-77.0086
48.8142,7.7862
46.2318,-63.1192
43.0639,-74.5044
26.5833,106.7167
33.5833,130.4
-1.2833,36.8167
-39.8,-73.2333
30.0041,-95.2984
40.3357,-75.9269
46.7671,-113.9762
40.4024,-3.6924
30.011,120.5715
49.0119,24.3731
25.2582,55.3047
34.1081,-118.2287
54.1936,16.1849
-27.471,153.0243
53.1667,63.5833
35.8059,-78.7997
53.3331,-6.2489
23.35,85.3333
45.6788,-74.4059
37.4192,-122.0574
50.0833,19.9167
28.6667,77.4333
40.4086,-3.6922
38.0663,-122.5416
51.5304,-0.1702
22.5892,88.3103
39.5097,116.6947
49.594,17.2512
29.2833,77.7167
43.2167,27.9167
52.1893,4.4089
36.1429,49.4728
-22.9,-47.0833
38.1833,127.8167
32.7732,-96.6851
45.15,26.8333
2.7867,101.9953
43.801,87.6005
49.7423,129.676
53.3,141.4667
29.6997,-91.0655
49.853,-97.0998
37.9667,23.65
38.3379,43.1831
15.5512,120.8147
52.3118,6.9297
32.4886,-93.7294
49.6765,-112.8035
41,20
54.7818,32.0401
32.7791,-96.8028
39.0503,-76.8249
57.6198,39.8554
43.25,76.95
41.85,-87.65
40.1561,-3.6165
21.4267,39.8261
29.6836,-95.2565
40.0486,-83.0726
30.05,31.25
-16.6667,-49.2667
32.9299,-96.8353
-34.5309,-58.5201
44,21
5.7167,100.4167
28.5311,-80.8523
28.4807,-81.5518
47.2,23.05
42.6526,-73.7562
49.25,-122.95
54.1667,25
3.0833,101.5333
26.0222,-80.1496
53,-8
45.3539,40.4105
40.8333,14.25
9,-80
41.005,39.7269
48.4578,-89.1885
56.8519,60.6122
33.7818,-117.3317
33.2381,131.6125
33.7257,-84.4309
42.7618,-71.4119
29.7523,-95.367
48.2678,10.846
36.5667,114.5333
39.4793,-76.7981
-18.9167,47.5167
44.2072,-86.1957
51.5126,-0.5891
22.5697,88.3697
49.2814,-123.12
56.6059,57.7669
28.57,77.32
41.2867,36.33
37.7749,-122.4194
45.7788,-119.529
37.4135,-122.1312
24.9869,121.3056
36.0986,120.3719
53.7079,16.6994
7.75,-80.2333
34.1359,-118.2632
32.9722,-96.7376
38.6471,-121.5418
16.7833,96.1667
48.5132,32.2597
-18.1333,178.4167
-12.05,-77.05
31.1296,-97.3595
53,28
38.6989,116.0936
55.7458,38.1314
50.4333,30.5167
54.5,18.55
32.949,-96.4345
32.7877,-96.8
41.9333,25.9
16.0435,120.3397
32.8594,-117.2073
37.5331,-122.2471
52.5931,19.0894
41.025,29.0328
40.6403,22.9439
41.3341,-73.6102
37.3501,-121.9854
42.3751,-71.1056
42.2776,-83.7409
47,20
52.7487,4.7771
41.0387,-92.3579
13.7567,121.0584
52.0938,5.1191
29.4241,-98.4936
39.9643,-75.1444
48.6667,19.5
-8.05,-34.9
42.7592,-83.4111
-38.3739,-60.2798
8,-2
44.9,8.8667
35.3512,-86.1838
35.8703,128.5911
51.2117,6.807
38.625,34.7122
25.8124,-80.2401
34.1544,-117.7637
-31.9522,115.8614
40.6888,-74.0203
45.4667,9.2
44,18
39.0837,-84.5085
48.6333,2.4667
52.1763,4.5282
53.5568,8.1266
51.8333,-2.25
49.5372,8.355
37.3762,-122.1826
39.7157,-75.5281
44.9843,-93.2654
33.0333,76.45
40.9919,-72.1989
37.1702,-93.3297
41.5584,-81.4756
39.6237,-104.8738
47.3333,13.3333
36.8736,-86.8749
41.5839,-93.6289
36.1853,117.12
20.85,85.1
28.6185,-81.4336
37.7731,-121.7515
39.9612,-82.9988
34.0008,-117.1266
2.5,112.5
46.25,20.1667
27.1833,78.0167
-35.276,149.1344
38.9499,-94.7453
14.9716,102.0825
-27.6333,-48.6667
40.9513,-73.8773
43.5411,-5.6644
6.4531,3.3958
39.7265,-94.7322
49.2814,16.5648
43.2767,26.9292
-15.7833,-47.9167
50.2077,15.8295
55.3635,37.5298
57.9,16.4
32.2988,-90.1848
23.7231,90.4086
37.7858,-122.1232
-23.5167,-46.8833
35.7876,-77.9844
10.0162,-84.2116
-7.3636,110.5664
51.1666,6.4426
50.0365,-110.661
39.4899,-74.4773
44.8186,20.4681
19.6469,-99.2467
14.6211,121.0703
56.65,23.7128
49.8803,-119.5004
40.3017,44.3592
45.1,24.1167
-32,115.85
-27.0833,-52.9833
47.6333,26.25
45.4511,12.2239
22.3,114.1667
39.1492,-78.278
-29.411,-66.8507
36.0877,-115.1485
32.814,-96.9489
10,8
37.4914,-122.211
56.7209,10.114
44.4267,18.0378
51.5167,7.45
26.2379,-80.1248
41.5703,120.4586
52.25,9.1
48.7167,2.4
43.6667,-79.4167
26.2666,-81.7093
43.85,144.6833
46.2167,20.4833
28.001,-82.4013
42.3584,-71.0598
42.0917,-86.012
25.7267,-80.2358
40.6067,-103.4505
2.0251,103.3328
40.657,-74.008
46.6333,27.7333
41.094,-73.7894
42.9264,-78.7479
47.6201,-122.1653
38.6027,-121.2687
47.2881,8.6122
32.7948,-116.9625
51.5299,13.9508
47.9029,1.9039
30.6521,-96.341
29.5356,-98.4814
-41.3,174.7833
50.3,7.6167
51.25,22.5667
56.5,27.3167
45.1859,9.1566
34.8601,-82.2464
5.4606,100.3074
35.7131,47.2656
44.4496,-95.7458
31.7708,34.7198
-26.2052,28.0498
22.3167,114.1833
51.5711,-0.1991
48.8817,2.3822
45.5833,10.0667
-15.5833,-56.0833
43.7258,20.6894
20.6667,-103.3333
37.4178,-122.172
33.0284,-117.1246
40.8299,-73.8646
42.4473,-71.2245
38.7322,35.4853
36.1914,5.4094
42.7826,-84.5846
29.7633,-95.3633
34.1537,-116.4189
52.85,7.6833
15.5,-90.25
45.4833,11.25
-22.7592,-43.4319
29.7987,-95.4192
19,-70.6667
2.8833,101.5
40.7267,-73.9981
-32.95,151.6667
34.0616,-118.0818
43.0606,-88.1065
-37.8167,145.2333
25.72,-80.2707
37.3348,-121.7781
55.9606,38.0456
47.1833,25.7667
33.5083,-112.0717
39.1422,117.1767
17.9667,102.6
48.0833,11.75
41,64
42.4411,19.2636
-33.8833,151.2167
38.9841,-77.3827
43.2454,-5.5629
41.3274,-104.6664
31.4593,104.7542
54.6269,39.6916
32.7825,-96.8207
33.749,-84.388
37.2362,-121.8289
50.8674,6.0661
47.75,26.6667
37.0082,-121.8777
10.8142,106.6438
12.9333,100.8833
40.7691,-82.5383
51.1,17.0333
-0.2167,-78.5
45.45,28.05
38.6389,-87.5276
40.6351,-103.2305
43.6615,-70.2553
41.1392,22.5025
34.0891,-118.0924
3.0333,101.45
30.8703,120.0933
40.6501,-73.9496
13.8622,100.5134
29.7489,-95.4678
24.8047,120.9714
40.7021,-73.7062
-6.9039,107.6186
35.1028,129.0403
35.7167,140.65
3.0167,101.6167
43.3595,132.1889
-25.9653,32.5892
43.2285,-77.6558
31.0287,61.5012
-20.2833,57.55
48.1167,14.8667
48.3682,10.9806
45.8,24.15
33.7456,-117.8678
35.6047,140.1233
38.9122,121.6022
38.08,46.2919
39.0147,-94.7395
49.3597,8.257
48.2,16.3667
13.6323,121.2207
53.9528,32.8639
36.9081,30.6956
50.1333,7.7167
46.3497,48.0408
41.8776,-87.6272
23.0333,113.7167
41.8333,22
50.7833,-0.9667
16.2667,-61.5
42.9764,47.5024
42.7257,-84.636
35,38
-23.7167,-46.8333
21.3136,-157.8057
-23.1833,-46.8667
37.4386,127.1378
48.4827,135.0838
44.5667,27.3667
42.297,-71.2196
44.0715,-92.5279
52.5909,14.6512
35.4478,139.6425
52.0317,113.5009
12.1,-68.9167
40.8393,-73.2797
41.6929,-111.8147
44.7262,-68.5995
33,44
38.8518,-94.7786
43.2798,-2.947
51.8,11.7333
54.3282,48.3866
-22.4,-47.55
30.3298,-97.7015
47.1333,24.4833
38.0667,23.8167
22.2167,114.2167
39.9831,-86.2876
34.6667,135.5
31.1981,29.9192
47.6801,-122.1206
-34.5,-58.4833
34.1379,-118.1296
34.9481,127.4895
42.8747,25.3342
49.2087,7.0202
22.35,114.1333
37.7989,-122.3984
30.3333,48.2667
41.8741,-70.7551
52.5333,10.15
63.35,10.3583
49.9808,36.2527
34.2408,-117.0773
38.4127,27.1384
32.7357,-97.1081
25.3573,55.4033
34.0918,-84.2209
25.7868,-80.2062
51.2667,0.2
51.5406,46.0086
34.0522,-118.2437
56.1109,47.4776
43.7685,-79.3584
29.9845,-95.525
42.6625,-84.0674
33.6653,-117.9718
46,105
37.3961,-121.9617
59.2,17.6167
53.45,-2.6167
53.9,27.5667
14.7933,120.8751
53.7933,-1.6638
-36.8667,174.7667
22.3167,85.3333
47.6145,-122.348
-33.295,-66.3356
49.75,6.1667
57.1522,65.5272
40.0548,-75.4083
23.2667,77.4
52.8549,22.5124
37.9833,23.7333
34.2047,-118.3024
-39.9333,175.05
33.6119,-111.8906
59,26
39.9607,-75.6055
46.9167,25.3333
47.1167,51.8833
49.8833,-97.1667
44.6307,-93.3034
55.9142,37.8256
35.9726,-81.5513
36.6915,-79.8725
39.6155,-75.7044
22.2833,114.1833
47.6201,-122.1408
51.553,7.5385
45.5171,-122.6802
26.6217,-81.8406
40.3953,49.8822
37.5538,-77.4603
43.6699,-79.3887
38.6273,-90.1979
48.8634,2.506
-32.9139,-60.6819
55.154,61.4291
14.6488,121.0509
33.8042,74.2583
49.1337,-122.3434
51.5857,6.0201
57.5433,11.9428
48.15,17.1167
22.1667,113.55
12.6664,100.9007
42.4485,-76.4804
40.1811,44.5136
27.0112,49.6583
27.9839,-82.7181
39.0023,-84.6569
36.7328,34.6442
54.2021,37.6443
34.9393,-79.7739
45.8564,15.8078
12.1508,-86.2683
40.2887,-3.7903
47.378,8.5234
19.0667,-98.3
32,-5
11.1,77.35
12.1167,-61.6667
41.725,44.7908
33.5928,-7.6192
51.7373,36.1873
46.8717,35.4646
5.6,100.65
33.793,-84.4432
46.5667,23.7833
1,38
-22.3667,-47.3833
47.55,9.75
-23.7,-46.6167
57.1914,39.4139
37.7898,-122.3942
32.7714,-97.2915
30.2312,-97.717
-3.3167,-41.4167
32.8807,-117.2359
41.65,-4.7167
56.8498,53.2045
38.9881,-77.4755
36.1473,-86.777
-24,-46.2667
33.7071,-84.3823
49.4478,11.0683
51.1811,71.4278
51.4333,6.8833
18.2273,-66.058
28.4604,119.9103
40.4169,-74.2579
47.8694,11.4686
37.987,-1.13
41.2599,-73.2076
39.6291,-77.7128
45.05,25.7833
33.7516,-84.3915
34.6333,134.9833
36.5658,139.8836
53.0959,49.9462
53.9168,30.3449
32.2942,-64.7839
22.6333,120.35
31.711,49.1193
42.8,27.2833
40.8221,-74.4564
41.2167,16.0667
49.5937,34.5407
33.6451,-117.6786
30.0086,31.2122
41.4444,-8.2962
47,29
55.5725,39.5368
3.4372,-76.5225
50.8333,4.3333
35,33
14.8003,120.5288
47.1667,27.6
42.768,-78.5801
55.897,37.4297
29.5862,-98.4765
40.4249,-86.9162
-32.9468,-60.6393
33.0362,-96.6712
40.6932,-8.4799
41.7239,123.2017
19.2,72.9667
34.6853,135.8328
31.5497,74.3436
46.4639,30.7386
22.4667,87.15
40.5958,-74.1525
55.6475,12.312
19.05,-98.2
26.1223,-80.1434
37.9291,-95.2807
5.647,100.4877
39.7151,-75.7306
32.7831,-96.8067
43.1211,131.9226
49.8407,24.0305
51.672,39.1843
38.9266,-77.3936
46,15
52.0074,5.9654
43.8167,11.1333
40.925,-98.342
36.8333,-2.6333
24.08,120.5425
31.95,35.9333
44.6955,-84.0896
37.6543,-121.8552
40.7251,-73.707
29.85,76.6667
-37.7667,145
33.8379,-84.3846
42.2,24.3333
43.5167,13.3833
7.1988,100.5951
32.8148,-96.8705
41.4619,-87.0008
47.6102,-122.3043
45.5333,9.4833
-27.483,-58.9358
46.4667,24.5
33.6275,-117.8734
34.0667,131.0333
45.8025,20.1258
59.6667,10.8
21.15,79.1
50.2584,19.0275
-34.7483,-58.5879
5.2999,100.2605
26.0212,-80.1895
52.0892,6.4493
52.0278,4.5123
9.9333,-84.0833
51.2101,16.1619
61.7961,34.3493
35.5833,139.765
38.8766,-6.9684
47.4833,6.8333
46.8488,-92.2032
27.9379,-82.2364
32.8508,35.0703
40.6705,-74.1064
40.6921,-74.4718
45.6255,9.0373
37.4989,126.7831
50.2796,127.5405
-15,30
57.3319,10.5225
42.3314,-83.0457
51.2167,4.4167
12.8333,79.7167
45.7494,21.2272
46.7667,23.6
34.2868,-118.614
37.1791,-80.3515
37.7083,-97.2251
30.3167,78.0333
44.4833,11.3333
40.7669,29.9169
28.0499,-82.3625
36.0097,-115.1479
51.65,6.1833
33.4976,-84.3807
23.9167,87.5333
37.7528,42.798
32.8524,-97.288
10.9833,106.65
49.2,16.6333
57.3894,21.5606
16.0678,108.2208
29.7221,-95.6407
49.4216,26.9965
36.7646,-76.199
-20,30
33.2778,105.6269
55.5669,38.2303
18.3685,-66.1651
42.4734,-83.2219
52.4,7.3
-12.9833,-38.5167
33.6793,-117.9055
40.7709,-74.2369
53.1835,50.1182
28.35,79.4167
-2.1667,-79.9
35.7355,51.5291
22.6167,104.1667
21.1667,-86.8333
43.5995,1.4332
35.6911,-0.6417
47.8752,18.9355
10.5,-66.9167
45.4667,8.9833
37.6564,126.835
51.4008,16.2034
43.3274,-79.7989
24.6537,46.7152
45.2667,27.9833
21.5169,39.2192
51.5833,-0.3833
45.0448,38.976
17.9833,-92.9167
-37.8,145.2833
20.9667,72.9
45.6189,20.0361
37.7909,-122.4017
62,10
47.8443,19.303
35.0757,-106.6406
18.2009,-66.3073
31.9339,34.9856
22.3167,114.1667
39.6969,-75.125
6.1333,102.2386
49.2273,-122.6883
40.8424,-73.8556
10,-84
35.8569,139.6489
42.3451,-71.0993
-25.7704,28.0807
35.8833,139.7833
39.4942,-76.9115
29.7346,-95.416
39.4968,-75.0157
33.9269,-117.8612
39.6478,-104.9878
42.3,13.9667
50,8.2711
33.9412,-84.2135
6.121,100.3601
45.55,9.3
65.3333,21.5
42.2063,-97.5723
10.8691,121.0381
59.4833,17.75
45.5667,-73.2
-2.5167,-44.2667
-25.7069,28.2294
41.5833,12.8167
17.45,78.5
34.4436,-118.6095
-34.7242,-58.2526
23.0333,72.6167
41.1753,1.3244
-10.2228,-48.2778
32.8304,-83.6486
43.1333,12.3667
34.7833,135.4667
43.3433,17.8081
-1.45,-48.4833
-23.1833,-45.8833
24.5133,117.6556
6.8,-58.1667
41.1496,-8.611
41.2501,-81.4577
51.45,-2.5833
51.75,11.9667
-27.8833,153.1333
36.1979,-115.266
34.2387,-118.2468
-23.4132,-46.0377
35.9251,-88.7858
38.9148,-77.4883
37.7217,-122.4444
39.2008,-95.4331
-22.7167,-47.6333
50.0524,21.4148
-23.6,-46.7667
40.3254,-74.0579
47.0354,8.2763
14.5525,121.0678
32,35.25
46.1889,18.2606
18.6667,105.6667
44.2761,-90.7962
39.1535,-77.0753
25.9376,-81.6977
36.3333,139.0167
68.7019,15.4239
40.3958,-74.3255
42.5324,-70.9736
41.0208,40.5219
-27.5833,-48.5667
26.7153,-80.0534
47.3717,8.0797
33.968,-117.3194
45.3905,-91.6764
37.2683,48.4419
34.3439,-81.0914
-42.8832,147.3317
40.386,-79.0203
55.5796,36.7039
37.2911,127.0089
29.9105,-98.1723
-23.4507,-46.5262
48.7059,2.2402
44.5888,33.5224
-9.6667,-35.7167
37.3721,-121.8643
43.25,27.8167
37.6866,-122.1569
40.1808,-77.2139
44.0483,6.8698
46.5399,6.5881
49.4958,5.9806
40.1158,-75.2842
14.595,121.0775
-33.9,150.9333
44.55,10.7833
33.5641,-83.8439
51.2167,6.7667
40.8152,-73.3624
28.4667,77.0333
10.9925,76.9614
44.0667,28.6333
60,-95
42.6,23.0333
40.5,47.5
48.9856,2.3474
28,3
58.5826,50.5376
48.8302,4.9856
35.45,139.65
16.7,81.1
26.2442,-80.2059
39.5272,8.5994
-33.9258,18.4232
39.6734,-75.7052
27.9924,-15.4192
11,-61
35.7093,-80.4523
41.9463,-87.8127
52.2538,4.5475
41.7,15.7333
31.8972,54.3675
43.75,-79.2
34.0977,-83.7762
52.3083,6.5196
10.3997,-75.5144
64,26
34.1463,-118.4293
-21.3,-50.3167
46.9992,5.1514
18,79.5833
-8.0657,111.9025
48.3852,-89.242
37.7312,-122.3826
60.4833,15.4167
5.8333,-55.1667
47.5038,8.5473
-37.7667,144.9667
40.5045,-74.347
45.3155,-75.837
41.973,-71.6422
30.2832,57.0788
40.6659,-73.6395
27.9578,-82.4622
41.7776,-72.6214
41.8745,-87.6503
18.4208,-66.0616
37.4686,127.7747
40.2884,-74.0195
59.75,31.0667
33.4802,-117.6141
40.7143,-74.006
52.2195,6.8912
33.0017,-96.8441
38.8922,-76.7681
51.4463,6.6396
40.782,-73.4739
45.8,16
35.6706,139.8886
52.55,19.7
34.1792,-118.4616
37.3824,-5.9761
19.4667,72.8
47.6539,19.498
37.7375,-121.4258
2.3804,102.2089
34.5,133.5
51.1667,4.1333
52.2609,5.6131
53.2167,6.55
37.3558,-5.9795
52.71,5.7512
-20.9333,-48.4667
28.601,-96.699
51.05,13.75
59.2667,18.1167
1.2,104
45.6167,8.85
55.739,12.577
38.8312,-104.8082
35,135.75
25.7906,-80.13
52.4167,16.9667
15.1819,145.7567
16.2667,-61.5833
41.3225,-85.1388
44.0833,8.15
3.1833,101.7
39.5407,-84.2212
34.5667,136.5333
34.2281,-84.178
10.3111,123.8917
45.0156,78.3739
40.7354,-73.8783
36.6753,-75.9161
26.3094,127.7703
43.6619,-79.3952
34.2719,-118.4572
53.5833,16.55
35.3917,-97.4816
47.25,26.7333
40.6259,-75.3705
36.8387,54.4347
40.5961,-73.9732
1.5758,110.4039
36.219,-80.8126
25.7631,-80.1911
55.0038,50.0549
34.2205,-77.8702
34.4021,-118.8395
51.3717,12.3321
40.7608,-111.8911
40.2379,-105.4264
49.0168,12.0954
-23.2133,-47.5231
34.1015,-84.5194
-20.2667,-50.2333
35.3231,139.3422
5.9749,116.0724
53.1938,22.3832
42.3646,-71.1028
38.9,16.5833
44.9167,7.6667
36.0458,113.0442
33.9415,-118.1307
19.3,-81.3833
42.6858,26.3292
33.2479,-111.7895
46.1889,9.0247
35.3366,-80.7958
-8.2833,-35.9667
32.9014,-117.2079
40.1917,29.0611
38.6143,-90.4444
55,73.4
32.8473,-117.2742
14.1,-87.2167
40.7214,-74.0052
22.9933,120.2036
33.9864,-118.0884
34.4264,-117.3009
26.9167,75.8167
43.877,-79.2578
17,-4
40.9559,-74.5418
-20.4,-49.9833
51.6167,8.35
3.0333,101.7167
39.7684,-86.158
34.7,137.7333
40.3223,-3.865
10.6677,122.9533
45.85,11
-19.8333,-43.1333
41.1532,-85.481
-23.4833,-46.35
40.214,-75.073
56.3,38.1333
48.3647,-119.2704
51.4721,-0.0477
53.7763,15.7755
34.0067,-118.3455
37.9667,13.1833
43.5333,26.5167
-34.4714,-58.5078
26.1209,-80.1273
46.9167,26.3333
45.3833,27.05
35.5735,-80.6012
46.55,11.7667
42.7167,12.1167
41.6325,-85.3792
52.4167,-1.55
41.5074,-81.6053
26.7616,-80.0916
51.2904,7.2972
39.7392,-104.9847
41.8032,-88.1341
42.498,-83.4072
20.8802,-156.4689
57.0291,40.3727
33.8333,35.8333
53.55,10
18.4167,-64.6167
44.3833,27.8333
52.6031,39.5708
45.1167,7.3833
34.133,-84.3005
40.0793,-75.3016
40.6848,14.7612
-20.3833,-43.4167
36.1511,-115.1105
47.7826,19.928
-33.9715,151.2393
33.9681,-84.2304
46.0754,18.2328
44.9333,25.45
47.7258,38.2205
40.4945,-7.5921
-7.1167,-34.8667
-20.35,-49.2
-23.7,-46.55
-32.0242,115.8417
42.3616,-71.0674
-37.9833,145.2
41.235,-80.4971
50.9778,-0.1027
-25.3167,-57.6
48.7395,-122.4809
53.55,-113.5
30.6131,-96.3217
33.9609,-83.3779
37.459,-122.1781
51.3828,5.5715
37.5483,-121.9886
45.1667,28.8
36.5083,-4.8823
34.1519,-118.6002
35.7167,140.2333
38.9833,16.5833
3.1137,101.8142
40.9697,-74.3042
44.8528,65.5092
38.0833,15.1333
42.5973,-82.878
47.5121,-67.3925
44.9572,34.1108
50.348,18.9328
36.728,-4.4257
43.6892,-79.7079
40.0481,-105.3842
45.6333,25.5833
32.1472,34.8417
52.9931,16.914
44.95,25.8333
-25.4167,-49.25
47.65,11.1167
41.7694,-71.4676
46.4134,17.3804
35.5531,139.3544
43.4667,13.0333
56.8605,35.876
45.503,-73.5679
41.3167,16.2833
43.6441,-79.3801
-33.8167,150.9667
36.6736,48.4787
34.0625,-118.1228
60.1756,24.9342
40.566,-74.1258
52.4921,13.4137
43.8777,-79.4359
26.3483,-80.1585
40.3409,-76.4113
49.7989,73.0994
21.343,-157.9349
35.8355,51.0103
51.1728,7.094
37.6783,-120.9501
44.8033,22.9719
52.9692,-122.5057
11.65,78.1667
34.7667,135.4167
15.8333,78.05
42.0152,-87.9901
51.5142,-0.0931
41.878,-88.0163
42.9333,25.8833
53.8333,10.0167
31.7833,119.9667
15.8,108.1167
34.4954,-117.3686
18.7904,98.9847
60.6,15.6333
18.0333,78.2667
-26.8833,-48.65
40.7557,-73.5876
40.7622,-73.9121
49.2658,-123.1151
52.1695,-106.5869
52.1661,10.5514
39.0335,-77.4838
35.35,136.6167
51.9,0.2
34.9249,-81.0251
41.3464,21.5544
54.6333,23.95
44.4938,11.3387
41.2639,-74.3634
52.7317,41.4433
23.4806,120.4494
-33.939,151.1862
51.55,0.2167
35.7721,-78.6386
22.35,114.2
39.2601,-84.4891
41.5788,-93.6801
42.38,-71.1329
36.1759,-86.8093
29.9468,-90.123
-37.8333,145
-29.9333,-51.1833
47.1278,-122.2534
33.6064,130.4181
42.0167,12.75
52.5227,5.7188
44.3278,-93.2776
31.5273,-110.3607
49.1667,-122.9667
45.4167,9.2667
43.1858,-77.6024
37.6211,-77.6515
51.9191,10.4167
51.2,4.0333
51.6917,4.2173
43.4167,24.6167
52.8462,5.7091
45.7,27.1833
45.3733,21.7092
40.6944,-73.9906
40.3253,-75.9161
43.4167,11.8833
25.7889,-80.2962
44.9292,-72.1919
19.9086,99.8325
53.9631,58.3981
45.5398,10.2229
37.2495,-83.1932
35.68536,139.75309
33.9164,-118.4041
50.8,-1.1333
1.4655,103.7578
38.2907,-76.5221
43.0761,-89.4104
42.2857,-71.8292
43.1005,-77.426
26.85,80.9167
45.1333,11.75
47.9667,13.6167
33.6634,-116.31
30.9,75.85
-22,17
41.3984,2.1741
47.1057,37.5331
40.8333,14.2333
50.1878,8.6632
35.1665,-120.4376
63.1667,75.6167
48.7768,-123.7077
40.7553,-73.9924
-18.9167,-48.3
35.9136,14.4436
41.6932,-8.8329
-31.4135,-64.1811
42.3997,-71.0316
40.9487,-74.2413
53.6401,-3.0141
37.3338,-121.8915
48.1034,19.8052
-36.3072,-60.4484
35.6833,139.55
33.9185,-97.3422
51.4928,-3.2442
50.9318,6.9715
51.5167,-1.7833
57.8135,51.3461
46.85,-71.1833
34.7465,-92.2896
34.1858,131.4714
40.4238,-3.5613
36.7631,3.0506
38.1628,-85.52
39.1588,-75.4941
29.6883,-95.0608
54.8753,69.1628
52.3881,5.2354
56.9972,40.9714
34.0699,-117.9421
37.3744,-121.7582
34.3403,134.0433
-37.95,145
1.6333,111.8333
22,98
40.7588,-73.968
40.7458,-73.639
40.7082,-74.0132
43.05,141.3667
39.6675,20.8508
51.6644,5.3738
49.1483,-123.1469
42.195,-83.165
36.0322,129.365
53.1333,23.15
37.5671,-122.371
30.2678,-97.7426
41.3732,2.0842
56,10
41.327,-92.1689
50.903,18.937
45.7,9.5833
50.6693,2.9897
44.3971,-71.4245
29.3375,47.6581
56.4977,84.9744
30.176,-97.7373
-33.8025,151.2397
42.9106,21.1931
32.8586,-83.6751
40.9354,-77.7831
36.724,126.8082
41.9986,-87.9028
53.6951,17.5661
36.19,44.0089
45.85,26.1833
45.0908,16.3317
30.4805,-87.1997
59.3333,18.05
18.7333,105.65
33.6238,-117.2569
35.7565,-83.9705
-22.5333,-44.1167
50.6764,-120.3399
27.345,119.0131
27.8661,-82.3265
40.3149,-86.8908
53.2007,45.0046
-33.7667,151.2083
33.0347,-96.8134
47.2313,39.7233
47.3946,8.8278
38.8758,-94.5259
49.2869,-122.958
34.418,-118.5662
34.1267,-118.7648
15.85,108.3833
10.65,-61.5167
37.4404,-121.8705
-37.9667,145.1667
53.7667,-2.7167
37.0017,35.3289
43.6565,-79.4079
28.2336,-82.1812
33.7878,-117.8531
48.7872,2.4033
50.572,21.6848
30.0611,57.2914
-41,174
47.4151,19.7441
41.6482,-0.8863
40.2338,-111.6585
10.0739,-69.3228
35.0214,135.7556
54.9849,73.3062
45,25.2667
49.2333,7
51.5005,6.8859
40.5516,-74.4637
53.5089,10.1983
32.9437,35.4361
59.4667,17.9
53.4395,14.5939
-22.4061,-43.6642
46.5577,6.6346
40.1616,-82.6541
48.511,38.6722
38.9667,-0.1833
34.4208,-119.6982
46.5667,26.9
42.9403,-71.4435
-22.7986,-43.3609
17.2632,120.4436
38.8357,-77.3375
47.7833,11.1333
61.6764,50.8099
44.98,-93.2638
22.2769,113.5678
41.8394,23.5
41.0856,23.5497
47.571,-122.7568
-16.5,-68.15
52.8167,-1.4333
48.6167,22.3
47.8167,12.3667
45.75,22.9
-27.4806,-58.8341
24.9878,118.4983
-6.5944,106.7892
35.2271,-80.8431
40.6862,-73.4123
34.0535,-84.0659
43.9,10.6833
46.9041,18.058
20.8561,106.6822
46.3044,16.3378
35.994,-78.8986
41.5497,-72.6531
48.25,11.65
44.3333,10.8333
41.6502,-0.8789
42.5387,-82.9494
49.2848,-123.1228
22.3333,114.25
-25.5167,-49.2167
51.4347,-0.0031
45.4958,12.2441
-23.0333,-45.55
-34.0981,-59.0286
-33.9088,151.1206
-33.8,151.0833
41.7682,-80.9475
41.2292,-80.4244
-33.8667,150.95
53.6539,10.0486
34.7936,126.3886
35.3339,-119.0226
47.4815,8.203
45.8167,26.65
69.9667,23.2417
41.9403,25.5694
54.3608,18.6583
29.6859,-95.3002
16.8248,100.2586
34.4335,-119.5223
32.2541,-110.8785
33.9958,-117.8189
49.4474,44.5259
51.4333,14.25
33.3072,-87.5859
31.2516,34.7863
1.4866,103.3896
36.9376,-85.9463
28.6294,-81.3619
21.4167,106.6
29.5834,-98.3994
7.0731,125.6128
37.4315,47.7874
-6.3433,106.4989
34.2257,-77.9447
26.2785,-80.1168
-22.25,-50.9167
40.869,-73.9023
50.3,8.2667
43.8988,-69.9725
37.498,-122.2672
30.5826,-90.1069
40.1005,-74.7203
43.0302,-88.2153
-22.9609,-44.0402
25.3333,83
42.8175,-75.5483
38.1167,13.3667
4.2333,101.1667
51.15,6.2667
42.6523,-71.3506
42.0884,-87.9806
53.3833,-2.6
35.7757,51.4721
39.7602,-86.3942
46.15,9.9167
49.072,33.4275
33.4148,-111.9093
37.2333,14.5167
44.342,17.2706
51.7862,4.4377
61.2181,-149.9003
32.9914,-96.6645
43.7136,7.2595
2.45,99.7833
43.898,-78.8656
32.8156,34.9892
47.5174,7.6941
41.0753,-73.481
40.7871,-74.3291
43.7439,-116.5828
41.6167,0.6333
35.65,136.0667
50.1405,21.4891
46.0474,39.8251
14,-14
36.7202,-4.4203
59.4833,18.3
25,17
38.7859,-90.7861
36.6205,136.9432
39,71
42.9,71.3667
31.469,-83.5773
37.8833,-4.7667
46.9167,26.9167
39.4896,-119.7492
51.9733,5.6676
49.6333,-114.5
-37.7167,144.8333
52.5058,6.0858
13.8333,-88.9167
40.1095,-88.2123
47.0667,21.9333
50.9333,6.95
37.0594,37.3825
39.5349,-119.7527
-37.8333,145.0333
44.8,10.3333
44.5384,18.6671
20057,38.8933
42.7167,13.6833
42.8138,132.8735
60.3911,5.3247
42.4667,14.2167
48.15,11.5833
51.9167,4.5
29.7709,-95.4072
25.0764,118.0908
52.4667,-1.9167
33.7021,-116.1712
34.0249,-117.8973
34.341,-84.349
3.8077,103.326
42.8833,20.8667
37.709,-122.0885
46.1956,6.1481
16.8697,99.129
14.0135,100.5305
39.2447,-84.3473
15.0343,120.6844
31.4167,73.0833
42.4793,-71.1523
38.7567,30.5433
1,32
35.9344,-86.6781
54.1522,19.4088
45.4168,4.312
-34.9241,138.5687
28.0916,-17.1133
36.2066,36.1572
7.5,134.5
45.5928,12.0506
54.5293,36.2754
-29.5,28.5
39.016,-97.8027
52.747,87.7545
10,49
34.0778,-117.6261
35.5283,-82.5225
32.5333,-117.0167
47.1821,8.4636
36.1288,-95.8711
-33.7965,151.1718
45.6667,63.3333
41.0887,-74.1438
44.6284,-63.596
51.2833,7.7833
46.45,27.6833
30.4066,-87.6836
45.7703,13.3683
41.1163,-74.046
50.6667,17.95
40.691,-75.2793
30.3106,-97.7227
49.3398,18.205
45.5539,19.8028
-29.1689,-51.1785
51.8379,107.7053
-19.9833,-43.85
29.793,-95.3687
51.5181,-0.1262
39.2043,-76.8833
29.6997,-95.5858
48.8718,2.3399
51.8413,6.6242
51.8333,5.8667
50.9833,12.9833
12.3072,76.6497
56.6369,47.8711
33.8417,132.7661
52.3395,10.2492
40.0379,-79.1204
25.3646,49.5653
47.7542,-122.2444
45.8054,3.8134
10.6667,77.0167
50.2,-66.3833
35.2333,137.1
28.6122,-80.8076
49.3972,13.2891
40.7355,-74.1741
40.6224,-79.1454
32.3643,-88.7037
57.7665,40.9269
42.7526,-73.7804
-28.0003,153.4309
-7.7828,110.3608
39.1813,-107.2261
40.4439,-79.9561
30.2908,-81.633
65.4833,21.2
42.3831,-83.0487
37.3649,-83.0581
26.9087,115.7635
37.7742,29.0875
41.0814,-81.519
3.35,101.25
37.1298,-80.4089
49.2857,-123.1142
49.2007,-122.9074
53.7667,9.6
44.3167,23.8
49.2328,28.481
36.3008,-119.7829
40.5439,-3.6357
41.5866,2.3261
47.5172,0.6485
55.9333,23.3167
55.6667,12.5833
34.966,-81.0807
31.78,35.23
50.2649,28.6767
34.0669,-118.3109
-5.7833,-35.2167
-23.1242,-46.5622
52.0925,4.9052
54.6,-1.3
45.5234,-122.6762
6.9319,79.8478
37.735,-122.2088
56.6714,12.8556
40.8449,-73.8434
62.45,6.2
35.0845,-106.6511
45.495,-75.5883
38.6771,-8.4579
40.8217,-74.1574
37.425,-121.946
33.9944,-118.4638
35.7333,139.65
27.8867,-82.5117
38.6167,-1.1167
51.5006,-0.2083
43.2668,-2.9495
38.7167,-9.1333
40.7276,-73.6344
42.3167,-82.9
38.3084,-0.8533
39.3941,-76.9695
35.3007,-85.1807
55.6503,12.4758
35.3812,139.3965
37.7484,-122.4156
34.0995,-117.5808
37.7697,-122.3933
21,57
47.9961,-123.2519
33.4484,-112.074
41.7655,-122.3916
33.6007,73.0679
-12.2833,-66.25
37.8916,-4.7727
34.8889,-81.0237
55.3175,42.1744
49.9807,8.432
20.7167,-103.4
50.8009,6.4788
34.0138,-6.8443
40.3167,9.35
48.8967,2.2567
-32.8908,-68.8272
34.7167,135.3333
38.6657,-90.3231
-22.9333,-46.2833
41.8784,-87.6852
47.6713,19.542
34.008,71.5785
47.3667,8.55
55.3333,86.0833
49.9873,8.2965
45.5307,4.6213
50.2197,18.6507
43.8927,-79.2641
13,105
28.5143,-81.4429
36.1659,-86.7844
47.3593,8.1024
-23.4333,-45.0667
33.8778,-117.5344
38.1496,-79.0717
13.6882,101.0716
37.7974,-121.216
45.5423,-73.5616
33.9782,-117.904
3.1333,101.6333
45.3176,-75.895
55.9041,37.5606
54.9158,37.4111
41.6733,-83.6044
40.7855,-111.7367
34.4833,135.4333
48.4294,39.1456
50.1377,8.1338
47.0667,15.45
47.25,11.45
40.0112,-76.2514
38.6164,-121.4962
40.7395,-73.7939
41.9674,-73.4321
40.738,-81.097
26.6292,-81.9432
38.8265,-77.0863
-26.3,-48.8333
25.9388,-80.2144
40.1147,-74.7794
-29.7667,-55.7667
-23.6,-46.5667
-33.9,18.55
40.7573,-82.579
25.1842,-80.3791
64.136,-21.9203
39.7,3.4333
47.7887,-116.7112
45.4127,-75.6742
51.8272,107.6063
-6.6983,107.2753
47.6104,-122.2007
49.9155,20.4614
41.7949,-87.9709
39.9943,-74.7918
58.0796,55.7552
-7.2492,112.7508
38.7405,-77.5621
51.4346,6.7858
48.8,2.3
36.3692,115.0539
40.7686,-74.0199
48.0478,37.9258
41.7263,1.8258
48.463,35.039
37.3419,127.8993
34.2969,48.8235
-34.5239,-58.7794
57.1833,26.75
46.0553,14.5144
41.0667,17.0833
52.35,5.6333
60.9344,76.5531
41.9909,-88.3201
27.9987,-82.5156
42.6442,-73.2463
52.2873,8.9243
50.9164,128.4773
5.3097,-4.0127
53.421,-1.3173
51.1,4.5167
-8.7667,-63.9
38.6263,-121.2466
20059,38.8933
-37.9833,145.0667
41.904,-71.5266
50.0833,14.4667
48.4525,-68.5232
35.2617,-81.1485
53.0859,8.8549
43.5287,-5.6666
6.2681,100.4217
50.0372,22.0049
40.7317,-73.9885
47.6871,19.2824
39.3335,-83.0168
43.5453,-5.9038
49.9658,16.9789
51.5711,46.0567
12.5167,-70.0333
41.8903,23.4792
43.6392,-79.4058
40.9189,-74.1943
33.4223,-111.8226
-23.4167,-51.9167
12.5667,-70.0167
-24.1833,-46.7833
30.0889,-98.478
40.1,121.9833
37.4536,126.7317
18.5392,-72.335
34.3963,132.4594
39.8301,-105.0345
44.8333,-0.5667
51.05,3.7167
51.6165,7.3853
52.0975,23.6878
32.8073,-117.1324
33.7866,-118.2987
58.5967,49.6601
40.7627,-73.3227
52.978,18.1038
38.25,140.8833
61.0833,72.7
5.4112,100.3354
35.4699,-80.8801
41.9844,2.8211
52.0582,-0.8164
43.7797,-79.4156
40.7561,-111.8837
47.5584,-65.6565
40.3898,-76.3175
3.2333,101.6667
45.6713,-122.6604
-20.2667,-40.4167
2.9451,101.7735
14.6042,120.9822
33.0812,-96.8133
35.5403,139.4508
20076,38.8933
-25.8408,28.1761
12.4333,-69.9
51.3078,-0.7678
42.4328,25.6419
39.0837,-94.5838
45.8833,22.9
44.5614,25.9489
54.5142,9.5524
39.4143,-77.4105
40.0754,-76.3189
39.9649,-83.1383
29.8327,-95.6627
45.4833,11.75
17.4833,-88.1833
-23.6667,-46.5167
35.3471,-120.4553
51.447,7.0381
43.5674,-83.8221
14.459,120.929
56.625,23.2786
40.0721,-74.2069
30.475,-92.422
44.9994,-93.297
22.4167,87.7
40.6419,-74.387
13.1737,100.9311
45.5333,-73.1667
49.4839,0.8762
40.7209,-74.0468
41.2349,-96.049
35.7209,-95.4725
30.2672,-97.7431
25.7806,-80.1826
34.1905,-119.23
35.6931,139.9833
9.9333,78.1167
-22.0167,-47.9
43.6858,-79.7602
50.1157,8.6799
55.678,37.2777
43.2,24.1667
34.5833,135.4667
-29.1333,26.2
35.0371,-97.2563
37.3874,-121.9024
37.3486,-121.951
-8.9,-36.4833
51.0167,0.05
33.972,-79.5753
34.7984,-77.3592
30.3246,-81.6851
-6.9932,110.4203
31.2622,-89.2723
42.0039,-87.9703
33.5097,126.5219
37.8668,-122.2536
47.45,26.3
62.0339,129.7331
31.3256,75.5792
45.5333,10.9167
41.8824,-87.6376
53.2366,21.4619
6.6388,100.4234
-23.3,-51.15
40.8163,-73.8621
39.8413,-74.9375
47.4643,8.9667
39.9523,-75.1638
37.9876,-122.1532
30.2853,-91.7987
41.4167,1.7833
42.05,25.6
-28.0167,153.4
48.638,35.2455
28.5663,-81.2608
52.2,0.1167
36.1425,-81.1635
37.2292,-77.2518
32.9729,119.5111
35.2406,-89.8436
-33.3358,-60.2252
22.8,86.1833
30.2643,-97.7138
30.3747,76.1486
35.9954,-78.9019
52.3099,9.8108
40.8889,-74.0119
2.0442,102.5689
53.5687,8.5741
45.5703,11.5742
37.3236,126.8219
19.8833,75.3333
26.8833,76.3333
34.0092,-118.1083
49.8119,18.2553
-23.5167,-46.1833
26.4667,80.35
51.4224,5.5718
35.8869,14.4025
44.9833,7.4667
-23.5333,-46.3667
36.0726,-79.792
55.8333,-4.25
53.5682,-113.4822
37.8591,-122.4852
33.4811,-117.2261
43.5892,-79.7239
2.3,111.8167
40.9263,-90.6713
22.3667,114.1
49.7878,9.9361
40.8447,-74.4781
-31.0198,-64.0652
41.1078,121.1417
45.4129,-75.6901
36.643,-4.6873
21.3,70.25
15.4802,120.5979
36.7496,-3.876
51.0443,13.6738
55.3553,11.2471
38.3358,-81.6123
16.7,74.2167
43.7833,23.7333
29.6516,-82.3248
69.45,20.15
61.5,23.75
36.0833,140.1167
35.1667,33.3667
41.2833,16.4167
32.7734,-94.9889
35.0027,-85.224
40.8399,-73.9422
42.8706,-71.6124
34.2371,-87.5876
53.5598,-1.4952
51.5175,6.8332
29.2808,-96.0768
4.5841,101.0829
32.7153,-117.1573
49.8167,1.8333
40.6534,-80.0795
35,136.25
59.25,17.7833
40.0483,-85.6855
8.9667,-79.5333
46.7832,17.695
47.6606,-122.2919
32.8326,-96.8467
56.1292,53.3703
34.5342,-82.7167
-34.7025,-58.3955
10.0333,105.7833
41.8649,-87.9014
41.4803,-96.4728
19.9833,73.8
48.8333,2.5167
37.219,-93.3176
55.7333,24.35
41.52,-88.2017
61.2333,73.3333
5.3909,100.4104
50.0061,20.9553
51.6667,8.35
35.9086,139.4853
56.7333,37.1667
34.738,-77.0803
40.9086,-74.1521
34.4272,-79.3723
-0.5,117.15
40.6363,-7.8377
34.4,132.45
38.7807,-81.8208
-34.5417,-58.6153
3.25,73
47.4426,19.3644
37.23,-88.7139
34.7167,135.4167
42.3218,-71.635
-7.55,-34.9833
34.9769,138.3831
5.4649,100.2817
45.4133,-122.4992
37.4625,-122.2405
-20.3167,-40.35
45.45,11
7.4167,-80.9167
46.8,-71.25
33.7002,-116.3364
35.1293,-118.511
40.933,-74.0177
52.0833,4.3
53.347,18.5691
-23.6667,-46.45
35.7833,139.9
15.4859,120.9665
38.797,-94.4492
33.9869,-117.6555
-33.9642,151.0991
40.8885,-82.6396
40.7,14.4833
43.5139,16.4558
27.7052,68.8574
55.1389,-118.773
46.2558,6.0848
46.9541,142.736
31.6693,34.5715
47.6597,-117.4291
37.3042,-122.0946
52.5496,-1.3856
37.3697,-122.0214
43.0858,25.6556
53.5953,10.0122
16.25,-61.5833
39.8502,-75.1895
-27.4705,153.0793
65.0167,25.4667
37.5,15.1
17.6833,75.9167
47.3677,37.0985
40.4763,-86.9571
12.9819,80.2406
34.0091,-84.0088
43.3493,-3.01
37.8714,32.4846
-2.8833,-78.9833
44.45,26.2
45.1833,25.2833
37.2808,49.5832
51.342,12.375
60.3567,34.5359
49.2488,5.0676
39.6384,-104.9058
49.9721,20.4268
40.7229,-73.8424
37.5742,-84.27
43.1833,27.4333
-23.5167,-46.8333
32.4667,35
42.35,-3.7
33.9335,-84.3972
32.7897,130.7417
33.9935,-81.074
51.021,13.7679
-22.25,-47.8167
43.1518,-77.5852
-23.0833,-47.2333
15.147,120.5889
33.8748,-118.2406
47.9917,37.7759
37.7556,128.8961
36.1113,-115.2791
51.5256,6.8517
55.3935,10.3949
47.1807,9.0497
26.8878,114.5261
55.9512,49.2283
39.9872,-74.1601
56.5167,21.0167
44.9892,41.1234
-6.2349,106.9896
45.4167,9.2333
48.1853,-121.6778
21.05,75.7667
43.4665,-80.5023
33.3386,44.3939
33.0706,-116.8372
49.1701,-123.1438
8.9667,-79.55
50.4111,80.2275
-6,35
24.1667,-110.3
52.2667,8.0725
41.6757,26.5587
-34.6558,-58.6584
36.8667,14.7667
50.8237,6.2675
41.1245,-83.1212
40.728,-73.9453
40.7432,-75.2242
30.3119,-95.4561
43.4125,23.225
27.8833,79.9167
26.1167,85.4
43.1155,-79.0916
40.841,-8.4756
44.2233,42.0578
-7.4478,112.7183
45.6947,6.3634
51.0833,-114.0833
-6.1781,106.63
44.85,24.8667
22.8833,-102.6167
41.408,-8.5198
44.7667,10.7833
37.978,-122.0311
33.8768,-117.8931
53.1547,8.1706
51.9667,-0.2167
46.8543,-96.8284
37.1811,33.215
37.7791,-122.2158
57.0099,61.4578
30.628,-96.3344
38.7259,-75.1678
21.7786,87.7536
43.5996,-79.5664
-33.8,151.2833
22.2,113.55
47.2653,8.6606
29.9667,78.1667
16.3,80.45
40.8461,-73.9952
1.55,110.3333
45.1333,24.6833
55.1711,59.6508
49.1289,12.1288
35.7895,-78.8743
-16.7167,-43.8667
42.2541,-77.7907
40.3321,-75.1179
35.7028,115.0053
1.3225,103.9614
46.8667,11.0167
33.8353,-117.9145
41.811,-88.0302
14.6,121.0333
25.6,85.1167
32.0886,34.8722
39.2904,-76.6122
26.2236,78.1792
22.7167,75.8333
38.4188,38.5758
45.4167,-75.7
33.8312,-117.8673
35.325,25.1306
27.4817,94.9028
53.6167,9.3667
48.8709,2.3561
45.2667,25.05
25.1833,75.8333
38.7566,-9.2545
33.9228,-116.5431
42.0089,-4.5331
47.3996,8.5788
35.8997,14.5147
40.8077,-81.973
30.9761,31.1669
23.6,72.4
42.6644,-83.2303
41.6833,12.9167
44.0572,17.4508
-22.3167,-49.0667
19.45,84.2667
30.3322,-81.6556
40.452,-91.4558
23.2406,87.8694
51.3667,12.3833
45.4086,19.8892
3.5833,98.6667
-9.45,-37.7667
42.5,1.5167
48.9833,2.2333
45.0028,-68.6334
28.7058,-81.3475
31.8186,75.2028
16,-24
30.6005,-81.5283
40.4981,-74.6866
27.6764,-97.4937
-22.9021,-43.1303
40.0837,-84.6388
-33.8666,151.2082
29.6283,-95.5624
33.8649,-118.3971
53.6246,55.9501
33.767,-118.1892
5.2818,100.4777
29.6222,-95.327
41.0987,-85.118
40.8156,-73.1181
-23.9667,-46.3833
42.7683,129.3364
40.0402,-75.5332
45.4167,11.8833
40.785,-73.4062
50.4,18.6333
35.9606,-83.9207
48.6998,2.1706
31.1033,77.1722
30.3703,-97.8454
48.3007,4.0852
35.5372,129.3167
42.3,69.6
50.8582,16.5374
48.7194,44.5018
42.3582,-71.0507
41.4514,31.7931
-23.95,-46.3333
43.8564,25.9708
37.5672,-81.5286
43.5992,39.7257
-33.7,151.1
27.5064,-99.5075
42.465,-83.2307
29.9303,-81.5049
42.1292,-80.0851
39.677,-104.9647
32.0806,34.8142
47,15.4
59.1333,37.9
45.85,9.3833
51.4353,7.0352
-33.8197,151.0067
14.6211,-90.5269
43.4981,43.6189
47.5769,8.5262
52.5138,7.3133
36.0277,139.5566
52.265,8.0096
50.5935,17.6543
-19.9167,-44.1
38.2498,48.2933
13.7086,-89.2031
37.2667,15.0167
40.25,-0.75
51.4333,6.75
20.6167,-87.0667
49.5002,14.2117
13.6731,-89.2408
8.7,77.7167
-34.5643,-58.6762
43.7895,-79.3735
18.25,-66.5
28.4333,77.3167
49.7667,-94.4848
52.9651,36.0785
40.8154,-73.6242
52.133,16.2023
27.5,77.6833
42.65,13.7
28.8333,78.7833
41.5091,126.2803
53.155,16.7461
7.3878,3.8964
19.1167,72.8333
10.1806,-68.0039
36.8061,10.1711
-23.45,-46.9167
11.35,77.7333
37.5079,-121.9599
45.6663,12.2421
23.4522,116.0922
45.7333,9.4833
53.9353,28.6434
-27.0833,-52.1333
33.5889,74.1444
40.5021,-75.3765
41.1743,-80.5841
28.4959,-81.2388
44.5833,10.7333
35.1495,-90.049
21.2,83.5833
47.262,9.1247
34.0093,-118.2584
39.5296,-119.8138
30.3392,48.3043
52.0353,5.6777
29.6519,-95.4788
7.8333,98.3833
32.9956,35.1009
10.5167,76.2167
38.1032,-122.6299
41.0667,14.3333
38.8765,-104.8288
18.35,83.2
41.4773,-71.5208
-3.5,30
-32.0537,-61.6007
36.0079,-80.3697
38.679,-9.1569
-7.5164,-63.0222
53.5833,-2.4333
40.8345,-81.3605
30.4224,-88.6527
-6.2611,107.1528
41.4995,-81.6954
32.8339,-96.7715
30.8327,-83.2785
48.112,-1.6743
46.0313,13.2518
53.5,-2.2167
56.1365,40.3966
47.7696,1.6866
34.3667,-118.4775
43.668,18.9756
26.3084,-80.1432
48.8925,2.3444
35.8783,14.4719
-30.2707,30.7594
20.2333,85.8333
45.6167,-73.75
49.2836,-123.1041
-34.8272,-58.3956
39.0495,-94.409
31.7333,-106.4833
42.8142,-73.9396
41.4331,22.0119
49.3808,3.3271
39.6133,-105.0166
37.7156,-122.1602
37.66,-83.9671
47.1901,-119.3074
49.0206,2.3831
41,75
-34.6993,-58.5904
43.6497,-79.3952
35.7174,-86.8926
41.5877,-71.4623
37.7644,30.5522
59.2187,39.8886
20.4167,72.85
37.1512,-87.8691
40.7389,-74.3307
41.5333,26.1333
-21.35,-48.2333
40.7528,-73.9725
40.6443,-8.6455
43.7667,7.65
34.1379,-118.0259
53.6496,-2.9999
63.4167,10.4167
40.9595,-73.8807
45.5497,13.8136
47.4926,-52.8123
34.7386,-76.7677
38.612,27.4265
-23.2,-47.2833
44.276,-88.373
34.675,33.0333
41.7964,-71.4254
56.8833,14.8167
55.6366,51.8245
44.8139,18.2953
45.4038,-71.8853
32.6606,-97.0249
25.957,-80.18
45.1889,-122.7973
48.8574,2.3795
52.9,-0.6333
41.1271,-73.4416
42.0643,-87.9921
40.876,-73.8716
55.0794,38.7783
37.5408,-85.251
51.0857,-114.0714
40.917,38.3874
53.7557,87.1099
-33.8924,150.8813
13.4244,99.9569
36.192,-85.4559
40.2489,-75.1498
-33.8167,151.1833
-37.9167,145.2
46.9967,-95.0898
35.405,116.5814
38.9599,-77.3428
35.4762,-97.5033
49.1333,-1.0833
39.971,-74.8473
8.7333,77.7
31.9165,105.6046
42.4645,-83.3763
51.5847,-0.0159
33.8755,-117.9935
40.0848,-82.8126
41.5798,-90.625
33.5586,-112.0955
43.2167,11.7833
30.6693,50.2055
50.3843,13.2673
-32.7167,151.5333
32.5237,-87.0965
51.3167,9.5
32.7288,-83.6865
-29.8561,31.0352
42.7495,-73.5951
50.8833,4.7
45.7772,-87.8151
35.1826,59.3886
29.9215,-81.3785
52.1056,20.7048
51.4621,-0.3038
40.9398,-74.6617
52.6052,11.8604
29.65,79.4167
51.2206,22.7003
53.2779,16.4712
55.92,36.8687
50.2722,19.155
25.4333,78.5833
4.1667,73.5
49.2765,-123.2177
53.7799,20.4942
45.4245,11.6868
25.4167,-101
38.5204,-90.2987
33.8359,-118.3406
28.0631,-82.4128
33.5207,-86.8025
25.0833,-77.35
55.6772,37.8932
53.3833,141.3
28.0795,-81.8037
-27.5,153.0167
53.4228,-7.9372
54.3334,10.1176
41.1864,-8.6517
6.9167,158.25
15,-86.5
34.0462,-117.6742
25.9274,-80.1801
47.9,20.3833
37.7089,-77.5437
49.8788,-97.159
44.6667,10.9167
3.3213,101.5767
52.5023,4.7608
40.0257,-74.8916
42.1926,-72.4598
52.9785,-1.2066
51.6667,6.6167
48.6833,2.3833
-27.7167,153.2
35.1681,-80.9153
35.1862,-80.7479
1.3414,103.7392
50.4667,4.8667
19.45,-70.7
31.8667,-116.6167
39.6397,-74.9738
37.5529,-95.8633
42.2734,-83.7133
49.8987,18.9663
34.0017,-84.471
48.6004,7.7874
14.0032,99.5501
40.0052,-76.3246
41.9333,12.0833
26.7161,88.4236
42.4581,-83.9468
41.7255,1.8239
46.9167,7.4667
9.3333,76.6333
40.7357,-74.1724
43.55,-96.7003
44.1833,28.65
34.6617,133.935
39.0485,-83.1662
33.8682,-117.9293
40.7005,-73.8345
53.4129,-113.4957
27.5,95.3667
-33.6553,151.005
34.0194,-118.4912
42.0796,-4.2599
55.7084,9.5428
50.7499,12.5742
45.6833,11.6833
14.4333,79.9667
55.3187,9.2956
-22.2667,166.45
29.2167,79.5167
32.9358,-96.7853
29.8833,-97.9414
29.9779,-95.577
33.02,-96.7419
32.4167,130.0167
34.95,137.0833
-22.6,-46.7
15.2155,120.578
40.7842,-73.8422
34.0922,74.8022
34.8536,-97.6029
59.45,17.9167
-3.2667,-79.9667
56.085,60.7314
48.803,2.2669
43.95,10.2333
40.6332,-73.9967
-12.1167,-38.4333
-22.6556,-43.0153
56.8981,12.5019
-12.25,-38.95
-26.8241,-65.2226
32.035,34.8861
42.5051,-71.2047
40.6955,-89.4293
27.8397,-82.7912
26.272,-80.258
45.3956,-75.7462
18.394,-65.9779
48.8412,2.3003
-38.7196,-62.2724
34.8167,134.7
41.3315,-73.9868
55.9116,37.7308
11.25,75.7667
19.3,73.0667
50.5142,14.0521
42.3,24.9667
52.25,-1.3833
33.7748,-84.2963
35.1667,136.9167
43.4244,-80.3364
46.2241,7.289
53.0406,16.4563
38.8692,-1.0971
-20.45,-54.6167
47.4657,9.3844
19.6976,-155.1413
35.2046,-88.1499
49.5632,20.6346
44.1,-78.9333
24.4667,54.3667
28.5801,-81.441
50.9382,6.5835
33.9457,-118.0388
33.652,-84.3201
38.1169,-86.9115
-34.7745,-58.2034
41.2085,-96.1939
26.6439,50.1592
31.3203,48.6693
35.835,-90.4427
46.5,-80.9667
53.214,23.0589
35.5206,139.7172
47.5673,-122.6326
28.9833,77.7
45.4612,9.1878
52.4015,20.9266
40.5722,-74.4134
41.1343,-81.8559
40.8333,14.3333
1.3361,103.85
9.3833,76.5667
42.7667,13.4
39.0483,-95.678
38.862,-86.4711
33.4063,-112.0262
28.9594,118.8686
41.1737,-73.1365
42.4247,-71.1112
37.8067,41.6633
32.783,-96.7762
60.15,15.1833
49.75,6.6333
37.9167,139.05
36.8569,-76.2124
42,19
39.7451,-84.4003
32.1686,34.9353
44.3833,7.5333
41.9703,-80.3125
43.4588,-88.8052
41.0219,-75.8756
49.0312,-122.3012
44.95,24.95
35.4167,136.75
-38.0023,-57.5575
17.2833,74.2
43.3119,45.689
38.6667,16.1
40.529,-122.3216
52.2,-2.2
33,65
50.2,9.1833
34.7528,-86.6901
35.2062,-81.1384
45.6486,13.78
51.2667,7.1833
-37.8232,144.9729
-15.6333,-47.8167
51.4452,7.3303
50.4167,4.4333
45.7833,9.0833
30.0799,-95.4172
43.0202,-87.9256
32.738,-96.4463
56.9705,60.5822
14.6833,77.6
41.1167,1.25
42.0149,2.7671
50.2976,18.6766
38.4833,15.9167
41.6738,-72.8544
30.6744,-96.37
47.0576,17.9705
49.8224,19.0469
40.6333,14.3833
43.2428,-79.8524
50.6667,3.15
29.0667,-110.9667
42.0167,24
48.2193,-1.7895
-22.3,-48.55
26.6203,-80.0592
31.5428,-82.4485
45.3353,-75.7209
-10,-76
36.7477,-119.7724
8.5069,76.9569
15.15,76.9333
51.8,-0.2
36.3699,-121.8406
28.5833,78.55
33.4854,-116.1044
47.674,-122.1215
-23.5333,-46.3333
8.8806,76.5917
48.9,2.3333
35.3284,-80.7459
51.4216,6.7957
46.1,27.1667
42.3135,2.3652
50.9562,6.635
8,-5
29.6433,-82.3214
41.7581,-88.0211
41.482,-91.8523
54.23,-4.57
-23.4,-46.3333
35.7362,-80.1931
36.1399,-79.2665
41.5571,-90.4066
30.1605,-92.0332
42.4072,-76.5159
42.3758,-83.2808
58.9667,5.75
48.8333,2.25
47.8,22.8833
40.5187,-78.3947
40.7639,-74.037
52.3,76.95
38.7161,-121.3626
16.7333,82.2167
42.0667,25.0333
39.7294,-104.8319
47.4738,-0.5477
44.4175,12.2011
-5.3472,-36.8328
40.9312,-73.8988
39.7126,-84.1662
-20.85,-41.1
45.2133,13.7503
42.2462,-83.179
37.6141,-77.442
8.4333,-82.4333
14.2732,121.4552
39.5359,-76.3483
19.7667,-97.2333
43.0737,-89.5274
46.2833,25.0333
54.8894,12.0402
16.8,74.5667
32.0333,75.5167
-37.5833,143.8833
52.3333,13.4
22.3,73.2
33.8403,-118.3539
34.1431,111.1358
-27.465,153.0234
-21.4667,-47.0167
50.7639,15.0653
50.732,16.6487
40.6201,-73.9868
45.46,-73.85
-22.6333,-47.2
26.5167,88.7333
43.6092,-79.6201
42.3189,-71.1504
37.7772,-122.4931
48.8601,2.3507
34.5798,-98.488
-6.8,39.2833
40.0902,-75.3937
49.3667,7.6333
42.2,24.8667
50.8983,15.7299
33.7248,-112.0889
38.8822,-77.1411
41.1333,14.75
39.9205,-105.0867
35.8456,-86.3903
34.4847,-96.9586
16.5167,80.6167
39.2831,-84.5162
13.1119,99.9447
37.0665,15.2843
42.8731,74.6003
40.6726,-73.5364
28.3998,36.5715
46.35,25.8
-21.5833,-48.3667
6.1706,-75.5853
54.3333,10.0833
38.5032,-89.1497
52.206,8.8106
52.1037,9.3676
35.9333,128.8747
15.0936,120.812
32.7896,-105.8176
39.62,19.9197
39.953,-75.1756
40.7852,-73.7279
-37.3217,-59.1332
52.1,7.6167
54.8092,9.4698
47.9833,17.6167
0.3833,9.45
42.5,27.4667
-34.7919,-58.354
54.1167,11.9833
8.4811,124.6431
34.3084,-77.8028
42.9536,-85.6576
40.7333,14.6667
-22.2167,-49.9333
43.639,-79.4499
29.6867,-95.5272
40.4379,-73.9851
46.5214,14.8544
42.0209,-88.1782
44.6119,17.9855
26.2867,73.03
39.117,-94.2118
26.3818,-80.1046
39.95,-75.0593
21.1167,73.1167
24.4686,39.6142
40.5333,15.3667
16.8333,74.6333
43.7779,-79.5952
38.8462,-77.3064
19.4794,-99.2383
43.3252,-88.2656
-25.5097,-54.6111
-33.8701,150.9453
-22.1167,-51.3667
39.8772,32.9932
15.5,-88.0333
53.8833,10.8667
39.72,2.9103
51.5055,31.2849
42.55,27.65
26.4095,-80.0942
37.1931,-121.8364
30.3783,76.7808
38.7665,-89.6533
43.0899,-77.6376
34.1749,-118.6152
39.4439,-84.4168
37.3852,-122.1141
21.2167,81.4333
30.8714,-98.4872
40.283,-74.7151
18.4667,-69.9
45.65,9.0333
14.7915,120.8795
40.1241,-82.3828
54.4678,17.0275
34.0024,-117.9757
40.4069,-3.674
34.0478,-118.2923
29.5,87.6
32.0954,-96.4689
21.1167,73.4
38.52,-89.984
8.7833,78.1333
34.5167,69.1833
16.9833,81.7833
8.1939,77.4314
-5.7167,-35.55
40.767,-73.5254
53.8849,9.5786
33.6238,-112.004
34.8004,-82.3221
30.6791,-96.3908
30.2585,-93.4063
-5.7333,-47.5
34.1667,131.4833
43.1299,-77.6082
41.2667,14.15
38.861,-9.0645
37.7666,-84.3031
56.1473,44.1979
-22.5617,-47.4028
33.0179,-117.2767
41.5171,-71.2789
14.4297,120.9367
16.9333,82.2167
54.7833,9.4333
62.4667,6.15
-4.1094,-63.1389
49.6117,6.13
36.2916,-95.0323
-1,11.75
47.7205,-122.2067
51.8829,0.1903
40.5725,-79.9579
53.2333,9.65
51.2002,7.3564
38.0957,43.2574
41.3218,-85.8189
41.1333,16.85
45.65,10.5
54.7065,20.511
45.3833,22.3333
33.9541,-81.0601
38.255,-78.3918
50.3527,30.955
35.4107,-80.8428
30.5044,-90.4612
32.7546,-97.7876
41.3275,19.8189
31.8969,34.8186
-21.0333,-48.2167
40.3289,-74.5857
44.9422,-93.294
-20.3333,-40.2833
59.5167,17.9
34.1173,-118.26
40.6809,-73.9805
41.9288,-87.6315
0.3156,32.5656
35.9466,-78.7977
-8.1705,113.702
42.5803,-83.0302
22.2333,114
32.2746,-90.132
39.6389,-84.405
40.4184,-80.0509
53.6007,11.4433
23.7833,85.9667
2.7297,101.9381
2.9927,101.7909
53.5506,10.0569
46.2362,17.6201
43.493,-109.6436
34.8914,-85.1207
45.4819,-98.5064
50.2362,19.1411
51.9561,85.955
18,-76.8
40.3994,18.1331
41.79,-73.8874
36.3017,-115.1525
44.6167,26.1167
46.4167,9.35
44.8169,15.8708
35.5235,-77.3008
40.9364,-74.1184
41.1105,-95.934
34.1795,-117.2479
28.0291,-82.7241
45.4681,-73.636
31.6331,74.8656
-31.7667,-52.3333
33.88,-117.9633
-6.1167,-38.1667
33.8119,-84.5504
50.948,23.0176
32.6572,51.6776
45.5833,9.2667
59.2,9.6
27.9378,-82.2859
34.4916,-82.0532
-34.7609,-58.4063
40.7627,-74.4208
37.8307,-81.9699
36.1147,-79.7422
41.025,-91.9307
44.0973,-79.4887
40.029,-83.0809
34.463,-84.151
55.7896,38.4467
-3.3333,114.5833
43.2574,-79.8676
45.815,19.6361
60.2167,24.6667
40.0925,-82.6064
-22.6667,-50.4167
43.7667,11.4333
43.1333,24.7167
59.3667,18.0167
45.9092,-72.4808
55.6,26.4167
45.4233,18.7728
42.0525,-87.8906
51.55,23.55
50.9333,5.3333
44.25,28.2833
44.0656,-93.527
42.6,25.0333
32.5251,-93.7502
-34.977,-67.6912
57.8766,48.5103
-29.2546,30.7986
-22.5333,-44.1833
49.2011,14.2145
40.6983,-73.888
-27.6333,-48.65
55.8204,37.3302
35.2333,136.9833
42.4833,26.5
-33.9167,151.2
13,-2
50.1,8.7667
55.2249,11.7842
42.0667,-80.1664
48.1667,14.1333
33.7633,-117.7942
43.2561,-79.8575
38.7851,-77.2866
50.2792,19.5632
51.15,3.6
39.4701,-87.4024
39.284,-89.8698
38.3,28.15
56,51.5
43.0833,5.8833
34.1867,-118.449
38.2406,140.3633
43.4497,-80.4893
35.3879,-119.0236
37.6582,-122.0431
45.2883,18.8047
36.8917,-2.3167
43.5923,-70.3735
42.8864,-78.8784
42.65,26.9833
47.6344,-122.3422
39.2667,-81.5615
40.0667,8.95
34.321,-118.383
45.6,9.5167
-34.6377,-58.5408
36.7164,-97.1536
-22.762,-43.4047
-9.9667,-67.8
35.9187,74.3125
47.5428,19.2633
10.3773,123.6386
52.6358,4.7556
40.1462,-88.9746
50.1412,8.5651
49.2848,-123.0222
7.1254,-73.1198
35.7847,-105.8749
-37.8667,145
43.519,-96.7322
40.6761,-74.573
-34.6568,-58.5822
33.3335,-86.9591
34.1019,-117.2762
50.1292,8.6249
22.2833,114.2167
34.7667,32.4167
41.2213,-82.5746
9.9283,-84.0507
50.85,4.3167
44.0486,43.0594
46.65,20.2667
44.7807,-68.7351
40.4717,-3.8695
38.2749,-82.0747
30.4621,-87.2174
24.8167,93.95
-22.2667,-42.5333
43.8845,-79.2339
40,18.1667
59.6451,33.5294
33.8639,-84.1243
34.6948,-84.4822
40.2056,-8.4196
53.5333,-0.05
32.4085,-91.1868
48.6976,-117.2936
32.9516,-97.1515
49.2667,-122.7833
40.7333,15.2
40.757,-73.5814
37.526,-122.3558
47.6103,-122.3341
47.5002,-111.3008
37.83,-86.0934
59.2814,46.5702
40.6695,-73.8726
11.35,76.8167
52.0843,5.0114
-20.25,-42.0333
32.5101,74.5431
44.6333,41.9444
19.9305,-155.7967
13.4443,144.7863
42.8884,-78.8761
40.8107,-73.0459
38.5224,-90.7434
50.8759,0.6033
44.1333,8.25
40.2923,-78.9834
42.3062,-83.0017
40.45,-3.6892
-20.8,-49.3833
41.4667,13.1833
36.1041,-90.4662
40.7662,-73.9862
53.0833,8.8
46.0619,13.2422
47.7807,19.131
38.4221,-77.4083
49.5559,25.6056
32.0114,34.7722
-23.2795,-46.7464
57.4833,12.0667
37.9887,-84.4777
31.3776,120.9543
47.8555,19.1044
-26.9222,-49.0615
-37.75,145
-34.6407,-58.5638
50.4423,-104.6116
29.4827,-96.1146
2,10
40.2021,-74.012
22.3,114.1833
32.2217,-110.9265
43.7167,11.2167
41.6561,-0.8773
40.8322,-76.7388
51.1667,7.9667
58.0414,30.0139
-18.7333,-39.85
53.2521,34.3717
33.6411,-117.9187
34.3142,47.065
-31.6295,-60.701
41.8816,-87.9761
26.0584,-80.3252
-21.5833,-48.0833
35.6594,139.8533
-22.8003,-43.0256
61.2231,-149.8528
-19.7833,-43.8667
38.2927,-78.9349
32.9482,-96.7297
34.4329,-119.8371
44.0364,-123.0547
-36.6167,-64.2833
42.3424,-71.0878
33.9686,-112.7296
46.7161,-120.4219
-26.0988,28.233
34.7255,-118.4796
44.3333,11.2
35.3981,-96.9398
45.0641,-93.3428
60.3,24.85
52.259,10.5002
31.5279,-87.3247
40.6884,-75.2207
28.9828,-95.9694
47.2529,-122.4443
55.699,36.1952
-37.65,145.0333
43.6253,-70.2955
47.2667,23.25
51.3708,6.1751
37.6478,-3.4598
22.45,86.9833
36.7726,-4.1004
33.2098,-87.5692
49.5057,12.8801
44.2236,12.0528
51.0665,7.004
48.96,1.8547
41.9196,-77.1494
19.05,72.8333
42.6833,26.0333
47.2074,8.7058
-22.5108,-43.1844
40.0326,-75.719
35.3665,-78.0849
32.4921,34.8922
42.7833,12.6
42.6806,-83.1338
32.1167,76.5333
47.2167,-1.65
25.45,81.85
36.1647,1.3347
-7.1955,107.4313
42.3888,-71.4225
42.1847,-71.122
-21.2667,-48.3167
52.6368,5.1575
42.0245,-91.662
44.9,8.6167
32.746,-96.9978
-21.4167,-42.1833
45.2333,26.85
39.8937,-79.7492
16.85,78.5333
51,4.8667
29.7176,-95.4188
47.5584,7.5733
54.815,52.7753
50.2415,21.7699
45.4167,23.3667
19.15,72.9333
48.7741,2.0178
40.5051,-85.8157
32.9513,-96.7154
-9.2833,-38.2667
35.1928,128.0847
66.53,66.6019
33.8719,35.5097
24.7425,120.9075
43.3167,11.35
-37.7833,145.1667
17.25,-88.75
-37.85,145.15
47.3949,18.9136
40.8754,-83.8809
33.6486,-117.9186
42.7714,129.4233
40.8413,-76.1089
34.0007,-81.0348
-24.1946,-65.2971
36.1182,-81.4268
44.8,-0.5333
36.9264,14.7434
53.8365,16.4348
-33.9833,150.9667
48.282,37.1758
41.5059,-72.9081
-33.081,-68.4681
50.0278,15.7758
-29.232,-61.7692
22.3,70.7833
45.55,10.25
-21.7517,-43.3528
38.0347,27.5594
31.3113,-92.4451
32.9781,113.1222
43.1081,141.5506
27.5667,76.6
41.2013,16.5985
50.1574,8.6355
12.65,77.2167
9.5833,76.5167
37.3239,-121.9144
47.3949,8.6819
34.7667,134.85
-33.0355,-68.8778
42.3333,23.55
47.7396,-122.3426
11.5,43
39.2722,-86.6197
-36.8333,-73.05
64.5635,39.8302
51.4859,0.2514
-26.4833,-49.0667
37.2342,127.2064
44.1316,-70.0606
51.5159,-0.3054
14.3517,100.5774
46.15,9.45
43.7648,-79.4325
47.4018,-0.2697
49.2738,-123.161
4.8833,114.9333
51.3458,-2.9678
13.9222,75.5736
-27.1,-48.9333
40.5378,-75.7812
14.3903,121.0475
17.4157,102.7859
5.363,100.4667
41.8528,-80.7905
52.0833,10.3333
43.2757,-5.6049
42.1333,12.5
53.5545,8.5933
57.8136,28.3496
44.9667,23.8667
49.2396,-123.0984
68.4356,17.4372
43.3194,-3.0203
53.6186,9.9611
43.7,-79.5667
54.2872,-0.4142
49.5888,11.0098
-5.1914,-37.3447
41.25,14.0667
34.0917,49.6892
9.2667,76.7833
29.65,91.1
37.7049,-5.0996
20.2539,105.975
45.8472,12.4419
40.2181,-111.6133
54.25,49.55
41.8734,-70.6394
37.55,126.9333
39.6244,9.3522
43.2466,-1.9913
51.7833,6.0167
43.257,-79.8697
33.5756,-85.134
27.5,90.5
-34.4697,-58.7592
49.1783,-122.8665
1.5331,103.6155
-8.0167,-34.85
-22.95,-51.6667
50.6903,-120.3634
-21.7667,-52.1
-33.8702,151.222
-27.4606,-58.9839
51.75,-1.25
32.8407,-83.6324
35.233,-97.4122
39.3114,8.535
-27.4417,153.0667
12.5,75
23.4833,87.3167
1.8548,102.9325
50.6,8.95
40.6572,-6.1054
47.5026,42.235
34.634,-86.457
23.8,86.45
42.1151,-1.7856
3.2,101.5833
39.1317,-77.288
47.3258,18.9214
45.5511,18.6939
44.9752,-93.5275
41.5433,2.1094
50.8998,7.0416
56.17,10.0426
37.055,-84.4551
43.124,-89.6378
32.5271,-95.6376
44.9667,7.5167
33.2581,-116.9821
34.9167,33.6292
58.0446,38.8426
36.4146,-105.5222
40.1333,-0.2833
-34.63,-58.4633
61.8,22.4167
33.6161,-111.9456
34.125,-118.0496
33.7265,-118.0069
56.9608,23.75
45.5833,11.8
14,-61
51.8039,15.716
27.7167,75.4833
48.05,11.7
-13.8333,-171.7333
43.5667,27.8333
39.9537,-104.8001
39.0967,-76.8779
33.037,-117.292
53.8667,21.3
49.2862,-123.0925
39.1372,-77.1833
40.0333,15.8333
33.7912,-89.0612
48.95,2.3833
46.3833,-82.65
25.7829,-80.1358
54.15,-4.4833
40.6247,-74.2494
47.7381,7.3479
49.3534,20.8959
2.3125,102.2805
40.0667,18.05
40.602,43.0949
49.997,20.3002
38.8291,-9.1681
5.55,-0.2167
46.55,16.9167
51.45,-0.4167
43.05,11.4833
43.6525,-79.3686
21.9,83.4
28.2442,-82.7193
10.7725,76.6514
38.65,-90.5334
27.922,-82.5
46.2186,-91.1763
34.0556,-117.1825
54.7852,56.0456
39.9609,-75.231
45.95,-74.15
33.6299,-112.1334
30.6568,-97.6026
19.2536,-99.6078
34.016,-118.4925
52.6553,-1.1176
40.8497,-99.0741
46.145,12.2214
23.25,87.0667
33.9816,-118.0661
32.5093,-92.1193
19.35,72.8
24.8167,92.8
42.8259,-1.6143
47.4209,8.5632
-17.3833,-66.15
-33.7912,151.1298
49.3084,14.1492
56.092,54.2661
33.831,-118.3875
49.45,7.75
42.9317,-76.5661
42.0534,-88.054
42.5667,12.6167
39.85,16.4667
-34.6534,-58.6198
41.4308,-82.2337
23.4,79.55
51.1,8.1
46.8396,-71.2506
35.8535,-80.1084
51.7564,8.0178
40.9152,14.7955
27.4833,-109.9333
49.6285,18.3023
32.6099,-85.4808
26.3587,-80.0831
48.35,19.5833
50.5742,12.3897
44.4651,-72.9358
41.8394,-73.1255
40.5453,-74.1786
33.3346,-111.9329
34.4805,-117.9238
29.5075,-95.0895
38.1041,-122.2566
33.7988,-117.9993
6.5,-9.5
29.7431,-95.4446
45.8333,23.2
38.2667,16.2667
48.85,2.6
30.2793,-81.5851
-33.9302,18.8449
42.0382,-87.7285
52.4097,-1.522
-41.2362,146.4172
43.86,-79.3605
49.8792,-97.1062
37.3013,-121.8079
-41.2586,-73.0034
37.7249,-122.1561
39.4037,-92.4088
47.8,13.0333
43.2165,-123.3417
43.5717,-88.0105
44.5425,18.5262
35.9275,14.4661
56.2667,14.5
39.1675,8.675
30.5321,-97.7286
-3.7,-49.7
49.3536,11.1483
-37.8833,145.0333
50.9333,11.5833
47.6364,19.1386
3.05,101.7667
50.6723,18.6867
-22.4241,-42.968
41.3975,2.1535
41.8917,-87.9359
42.1539,-88.1362
44.0861,-70.2434
46.4518,-122.7656
59.3,18.05
59.4833,60.5167
40.6939,37.5594
53.2764,5.657
29.7596,-81.3029
31.9253,34.8669
47.2287,8.6706
45.3833,7.8833
25.8576,-80.2781
40.8424,-91.1073
41.3168,-79.638
50.3586,7.5812
50.7965,19.1241
33.9638,-118.2734
52.5595,13.495
30.7964,-84.2268
32.7952,-116.9671
35.6833,140.0333
38.4405,-122.7144
41.6259,-94.0427
51.515,-0.1423
37.6688,-122.0808
40.0598,-103.8584
25.7341,-80.3594
47.3274,8.6208
45.6,11.7167
43.2186,-77.4494
40.8259,-74.1079
40.9033,29.1725
-34.7896,-58.4309
21.8833,-102.3
35.2445,-96.634
54.1667,10.05
-33.9002,18.6285
41.4172,-73.5971
43.6885,-79.7616
49.4811,8.4353
16.2,-61.4833
32.7333,74.8667
51.4384,6.2711
53.6199,-113.6377
41.4375,22.6433
-8.65,115.2167
43.447,-80.4725
-20.5333,-47.4
50.9333,6.5667
63.6667,22.7
46.9833,27.7833
51.5656,0.0848
33.5475,-84.7207
39.0409,-77.0445
51.6333,7.25
35.3456,-119.0756
37.3833,14.7
29.6409,-98.4159
49.2591,-123.0226
30.3039,107.9772
44.55,26.0667
47.95,26.4
-31.3667,-51.9667
16.8667,74.5667
36.6694,-80.9395
47.407,19.2865
59.4339,24.7281
41.3562,-8.1793
-23,-46.85
46.9781,-94.8377
48.0833,7.3667
21.3226,110.5829
29.9841,-90.1529
51.579,7.0579
34.0355,-118.4298
-1.05,-80.45
20.7833,76.6833
49.1011,-122.8141
48.3773,6.9005
47.15,23.8667
42.6506,18.0914
34.7664,-82.2202
40.893,-0.3803
38.9661,-96.7651
52.3167,9.6
20.6833,-101.35
34.6701,-79.9142
51.0167,6.9833
51.6098,4.8195
51.2,-0.8
47.2635,8.1748
37.1187,-85.2906
34.0905,-86.0442
38.9226,-78.1337
33.8446,-118.1465
52.1193,-106.6594
56.6775,24.9739
52.3667,9.7167
40.0395,-84.2033
34.7601,-80.693
5.365,100.5618
41.2755,16.4176
42.031,-87.8112
37.394,-5.9978
15.7923,120.9894
53.591,-2.2388
39.9738,-86.1765
51.3886,-2.3516
52.025,5.0189
48.6167,2.3167
38.9197,-0.1193
40.9795,-73.7231
44.08,4.1248
28.9715,-95.5786
43.6492,-79.3823
38.2532,-84.5524
42.0333,12.6333
53.689,-1.6546
41.5503,-8.4201
31.1665,-87.0761
38.7862,-93.7239
40.6576,-111.884
-14.1886,-75.7142
44.1858,-88.4626
29.2119,51.5604
-15.25,-40.25
24.1667,72.4333
33.6464,-86.5696
32.6333,-16.9
34.6182,-79.0086
51.4315,7.334
44.1003,-70.2148
34.0211,-118.3965
67.2833,14.3833
48.1667,26.4667
51.7283,-0.2643
41.6108,-8.7184
56.3167,22.3333
53.2878,-6.3411
46.65,21.2833
50.8828,5.9623
34.0463,-117.9849
30.8364,30.6419
29.7018,-95.9138
52.6647,-8.6231
41.1628,-83.3976
-33.8833,151.1
18.0636,-66.4932
48.8157,2.3849
40.9429,-80.147
35.0508,-80.8186
32.8405,-116.8797
59.3667,17.9667
34.0202,-118.3928
43.9333,12.4667
35.8203,139.8044
30.4154,-97.7982
42.425,-83.3744
29.9756,-96.2847
33.7952,-84.3248
9.9167,106.1333
-10.8333,-61.9667
35.0443,-106.6729
50.9593,16.3472
36.175,-115.1372
25.4417,75.6417
34.7044,-84.4253
22.1833,87.9833
50.8417,16.4791
35.4497,-97.6452
47.8167,-79.8667
56.1701,9.5652
43.3676,-5.8507
15.4833,73.8333
45.5167,9
45.5667,8.9333
44.4333,24.3667
37.3422,-121.9052
-36.7243,-56.6771
21.3209,-157.8389
50.6,4.3333
40.6306,-81.4555
45.1333,25.7333
42.262,-89.8461
34.0905,-118.1344
53.3667,-1.5
60,12.1
41.5034,-74.0104
33.8634,-78.9753
30.3267,76.4003
51.7,-0.0167
35.1658,136.964
42.03,-93.5905
39.4079,-74.3665
48.1181,-123.4307
51.9005,8.3838
56.1217,93.3385
51.1825,14.4292
53.5298,15.8099
13.5367,99.8171
44.7467,19.69
32.9689,-96.7991
26.1833,91.7333
39.437,-76.7818
40.7391,-73.9826
9.9667,76.2333
30.6586,-88.3535
54.1838,45.1749
49.3432,0.9586
41.4324,-73.7167
42.0167,23.1
45.15,9.7
25.7529,-80.2333
16.9833,73.3
48.4195,-97.3749
-23.4333,-47.0667
33.5091,-112.0824
-23.6167,-46.9333
41.6,12.55
32.5151,-92.6262
40.7958,-73.9775
39.2066,-84.3964
34.0256,-118.4716
38.8336,-76.8777
28.3047,-81.4167
36.9899,-122.0603
-21.7167,-48.6833
10.9167,79.8333
43.5833,7.1167
40.4774,-112.0082
32.9017,-116.8933
42.2182,-93.0842
26.2361,50.5831
7.7851,98.3316
37.8747,127.7342
38.8339,-104.8214
53.555,-113.4822
40.7167,14.75
38.1,15.65
41.55,13.5167
21.2667,78.5833
30.9664,76.5331
7.2236,124.2464
41.188,-75.3804
43.301,-2.878
37.551,-122.0778
47.0178,28.7625
52.2167,7.8333
44.0744,-121.2574
42.1333,25.85
19.45,-96.9667
29.3339,48.0761
-23.8833,-46.4167
52.6503,-2.4533
34.9645,-78.7417
44.0414,-79.4534
41.0531,-82.7263
49.3667,6.6833
31.05,76.7167
41.7615,-71.518
28.85,121.1167
-30,-71
24.85,-98.15
43.1132,-75.274
34.0302,-118.2407
43.3001,-5.6846
50.7,8.7
41.9352,-88.2909
48.2915,25.9403
30.4507,-91.1546
53.5087,-113.5078
45.6369,-94.8005
41.413,-92.923
42.5653,-70.8578
38.2706,-85.6237
39.3579,-87.4245
41.1557,-73.99
37.0194,-7.9322
40.728,-73.7881
47.1994,18.1395
48.083,19.6026
52.5582,4.8419
41.2152,-94.4231
23.2167,72.6833
69.5833,20.5833
-23.7167,-46.4167
59.2667,17.7333
50.3964,-4.1386
39.3667,-0.4167
17.05,-61.8
51.3987,7.4901
50.75,3.6
32.9172,35.3042
35.3488,-81.1858
49.783,9.9366
9.1805,7.1793
41.7758,140.7367
45.5675,6.1561
39.3,16.3167
40.2496,-3.8272
59.7425,10.2117
49.2254,-123.1176
-34.7557,-58.1986
40.2713,-80.1702
46.5667,20.6667
44.7901,-89.167
49.0219,1.7133
35.4897,108.3675
40.7879,-74.0102
14.45,109.05
29.1694,-95.4319
32.7254,-97.3208
39.5591,113.1855
26.5333,80.5
10.9667,79.3833
50.355,83.5133
40.8,-96.667
47.6727,-122.1873
53.7,10.2
28.0146,-82.417
6,12
-26.8922,-49.2239
26.1882,-80.1711
35.222,-101.8313
54.4524,9.8325
37.8463,-103.5836
40.7111,-73.9469
44.15,9.8667
33.6897,-117.8502
11.55,104.9167
41.7297,-93.6058
45.4691,-122.5535
13.8289,100.5599
43.1486,-88.1246
48.1855,-122.668
41.4598,-82.0991
46.6558,32.6178
34.2522,-118.2884
37.6547,-122.4077
35.875,111.4353
45.6833,9.7167
-29.6833,-51.1333
50.7615,3.0106
39.4667,-0.3667
46.409,-71.0597
-32.9188,-66.3242
44.2457,-94.9568
-20.2768,148.6976
57.7536,24.3581
46.1833,21.3167
43.9029,11.036
50.1,7.7333
43.7657,-79.3835
12.8639,74.8353
53.3997,49.4953
21.1861,106.0763
36.8541,-94.399
42.7283,-84.4882
43.668,-79.4515
52.2789,10.5426
51.449,6.9734
40.7805,-73.9512
-15.8333,-48.0564
-23.6167,-45.4167
37.6454,-84.8171
50.9167,-1.3333
47.7833,16.2833
33.6848,-117.3724
55.4276,9.2843
14.7,120.9667
-14.3,-39
42.3016,-83.0307
20.45,-97.3167
39.9626,-76.7277
33.2591,-86.3628
36.3214,127.4197
46.1952,9.0228
37.7333,44.8333
61.8667,28.8833
33.1841,-86.2515
32.7924,-80.1081
29.5016,-95.689
35.068,-85.6129
41.5192,-81.6431
40.0895,-75.0459
37.3688,-122.0363
43.1154,-77.5576
-23.5333,-51.7
41.6109,0.6419
40.8833,14.5833
38.1833,15.5667
0.1333,117.5
25.991,-80.211
49.2558,-123.1037
39.162,-84.4569
40.7209,-79.6369
48.3877,10.9161
-3.1133,-60.0253
64.8378,-147.7164
23.1667,79.95
52.4101,6.6236
50.9216,34.8003
43.0073,-2.2536
49.75,13.3667
47.2,23.7833
30.8833,-87.7263
36.154,-95.9928
-26.7117,27.8379
44.1519,43.4697
34.1404,-81.3369
48.7501,1.9208
40.4701,-79.2036
39.6167,-104.6695
51.3833,12.4833
27.8812,-82.7521
37.1385,-112.979
50.45,-101.3
40.8006,-73.9653
-20.2419,57.47
58.8833,5.6
33.5806,-112.2374
40.7449,-73.9782
36.4617,-80.6191
4.0503,9.7
-17,-65
14.281,120.8684
48.9333,2.3667
45.6089,-73.7331
50.1626,22.4621
46.9106,-100.7588
51.45,11.8
12.5333,-70.0167
14.4506,120.9828
41.9272,8.7346
41.6639,-83.5552
47.5686,18.7315
59.3,18.1667
28.5898,-81.4928
41.55,2.1
40.6593,-73.8448
43.1009,-75.2327
-14.8,-39.2667
39.8938,-105.1144
34.1478,-118.1445
-3.8667,-38.6333
30.4942,77.9542
49.6218,20.6971
35.284,-78.0197
49.842,-119.4903
-34.0333,151.0667
34.918,-89.8216
46.5,-84.3333
18.3876,-66.1108
58.991,54.4339
53.0538,9.0297
32.4869,-85.1182
34.0273,-117.5878
48.4833,10.9333
38.9234,-121.0705
45.5833,9.2
44.8708,20.6403
4.4557,100.6288
46.7667,24.7
39.8508,-75.0752
39.5457,-105.0022
54.1719,21.1399
34.0608,-117.3936
44.4103,0.2187
28.1203,-82.3529
44.4,0.7167
43.5357,-5.6615
43.3575,134.7786
23.0667,88.8167
38.1333,13.1833
40.4776,-3.7392
-33.7333,151.2
47.9696,19.8408
22.2712,112.984
41.3152,-81.4405
39.1299,-108.6238
43.4236,-80.48
35.9764,139.7536
34.0036,-118.3091
43.2667,13.35
45.35,9.6
37.8044,-122.2708
28.4768,-81.6319
44.6833,11.0333
53.9171,19.926
17.25,80.15
39.3667,17.1333
28,84
45.9672,18.5183
33.7545,-117.9464
49.1833,-2.1
34.8833,136.5833
35.6267,-80.4218
47.4113,16.6251
46.9659,31.9974
37.7758,-122.4128
51.6172,-3.9931
31.9,35.2
27.05,114.9
-37.75,145.0667
56.7853,23.9381
-30.0016,24.7464
49.4285,32.0621
42.3997,-82.1996
37.5667,14.2667
47.6167,19.05
43.3479,-79.7593
49.4252,16.3518
46.9561,7.4872
56.5167,13.0333
33.9188,-84.0678
35.6333,139.65
42.3296,-88.9995
40.7374,-96.7112
26.755,83.3739
34.7336,46.6309
-22.4528,-43.4764
41.0965,-74.0093
39.5743,2.6552
32.1817,34.9358
39.9597,-75.1968
37.05,140.8833
53.3617,17.0452
51.8667,4.6627
37.9158,40.2189
34.2863,-119.2267
47.0943,17.912
-33.8833,151.1167
33.8675,-117.9981
40.0306,-79.539
41.4475,-73.8979
37.1681,-1.9399
34.6296,-79.7068
33.9129,-118.3439
39.0721,-94.4503
43.695,10.8453
54.6167,8.9833
-23.3467,-47.8484
41.6972,-81.1974
53.9167,9.8833
45.4167,11.9083
4.7667,100.9333
-28.85,-51.9
50.3064,18.7833
38.9866,-94.3586
39.8007,-76.983
46.2492,20.0111
51.2592,6.5156
37.5021,15.0872
48.2058,12.41
53.1735,8.7045
42.8792,-78.8146
33.714,-117.87
32.1658,34.8367
-22.95,-47.0167
44.2718,-70.2506
41.813,-87.7134
36.976,-121.9536
52.8273,-2.1426
52.7333,10.25
18.6667,78.1167
40.85,14.85
21.2815,110.3427
41.6695,-91.5133
43.9786,-75.9004
49.9,2.3
32.3329,34.8599
44.5001,34.1615
52.9021,16.5641
42.4989,-77.9346
45.589,9.0719
47.372,8.5413
49.8,18.4
43.1371,5.7316
32.9088,-87.2644
47.7617,27.9289
49.9667,6.5
46.8403,29.6433
42.9318,-86.1048
18.1966,-65.872
50.0164,22.6778
36.11,-115.2118
49.6032,32.8676
45.801,9.4325
49.2175,6.023
49.8972,-97.1366
43.0963,-79.074
25.1314,121.7375
38.2166,-91.1309
29.6322,-98.7606
-23.35,-46.8833
-26.9333,-48.9667
-5.5333,-47.4833
36.0667,136.2167
50.7714,16.2843
43.1473,-77.4427
38.6667,-121.6293
30.2494,120.1849
39.4885,-88.3596
43.6667,10.6333
44.1525,133.2779
41.9144,-79.6474
33.898,-84.5869
60.35,15.75
24.5589,120.8219
21.1833,81.2833
26.1,74.3167
-20,47
15.4667,75.0167
38.6785,-121.7733
37.7035,40.7921
38.5333,-8.9
34.1965,-118.8188
51.45,7.0167
40.701,-73.8103
41.7194,-70.4803
-22.9333,-42.5
55.8352,-4.2555
36.2359,-115.0525
51.1514,6.4703
48.1974,11.5721
25.2867,51.5333
33.0198,-96.6989
56.9053,59.9436
35.5847,-84.4384
41.6483,-4.7254
34.2521,-118.7843
41.653,-0.8832
39.7589,-84.1916
40.8417,14.25
-34.6766,-58.5606
32.9126,-96.6389
43.0138,-7.5585
50.6667,14.0333
54.5833,-5.6667
27.9,80.8
49.2461,7.0022
34.7193,-86.5604
30.405,-91.1868
42.5,24.3167
50.1019,8.6342
39.8028,-105.0875
37.8167,13.3
-26.9833,-48.6333
50.1608,19.98
34.5622,-86.5156
-37.7833,145.3
51.5049,-0.1324
34.8833,136.9833
41.9759,-87.7016
43.0056,-73.8628
41.0951,-76.2619
50.5833,23.15
40.1883,-75.1502
14.4778,120.8932
38.7759,-77.2344
8.0761,77.5483
14.4631,121.0547
52.1724,4.4591
-7.5561,110.8317
39.9239,-75.6203
46.9622,7.4584
-22.3667,-46.95
18.4333,105.75
33.1976,-96.6153
32.7923,-98.1388
39.9407,-75.2281
33.7719,-84.3771
52.35,8.2333
37.365,-79.3099
42.3238,-89.6218
52.2764,10.5127
32.2313,-95.2958
-27.2181,-49.6436
39.3075,-76.6378
38.6821,-121.3482
43.715,13.218
41.45,25.0833
26.0206,-80.2444
53.3701,7.2031
34.9833,134.9667
45.0724,-93.1874
53.3418,15.0521
-7.5142,109.2942
51.4839,46.1053
47.6167,10.5
41.05,29.0167
50.5752,19.3246
40.1741,-74.8453
8.9833,-79.5167
50.8833,14.0167
43.2161,19.0053
50.2236,7.5698
33.8804,-118.2748
14.5786,121.1222
33.8993,-118.3169
-26.7167,27.1
51.7333,0.4833
49.25,-123.1333
47.4606,18.9643
54.9881,-1.6194
40.7252,-73.9802
35.8544,139.9689
42.2279,-8.7189
-27.5071,153.0477
-8.0167,-34.9667
13.7298,100.5854
39.0892,-77.1835
46.7475,-122.9507
35.7519,-79.2248
42.1193,-123.6028
33.6489,-117.7646
34.6913,135.183
51.0667,3.6833
40.2692,44.6244
32.2974,-90.2081
31.0107,-89.4561
37.0448,-122.1021
32.7736,-115.6022
49.2333,10.7333
-7.9797,112.6304
40.7235,-73.8612
26.9833,94.6333
40.875,-74.0299
48.9899,2.1699
52.2072,18.632
36.4362,-94.7699
36.091,-80.4398
42.4629,-2.455
40.0675,-85.6041
42.3801,-71.0642
19.95,79.3
36.1214,-95.1688
42.2333,-8.7167
-33.8667,151.2167
46.55,24.5667
36.1885,-97.0574
39.8288,-105.0607
-34.7073,-58.2718
45.7661,-108.5789
2.9431,101.6994
35.2621,-81.1873
43.7087,-79.5287
46.8159,-100.7061
47.6894,19.7887
39.95,-74.9929
46.9392,7.4346
43.1871,-70.91
39.9572,-74.9162
44.0167,10.15
32.5576,-81.9395
53.8667,10.7
40.45,-3.4833
49.9455,36.0406
34.1036,-92.0657
33.4319,-112.015
31.9951,-81.2723
48.1,11.45
50.4019,-105.5325
51.2465,6.7855
33.4499,-112.0712
41.6462,2.7415
43.518,-5.686
35.8455,139.412
37.6228,-122.4364
34.4456,-101.2869
31.5493,-97.1467
40.9681,-5.662
3.15,101.7667
37.4382,-84.051
33.9204,-80.3415
-33.8167,151.1
10.635,-85.4377
31.9642,34.8044
19.25,73.15
47.1988,8.4864
37.4576,-122.1041
48.2124,-122.2846
52.6173,9.2604
44.2264,17.6658
-21.75,-41.3
42.1015,-72.5898
43.4989,-84.156
44.0333,8.1
34.1083,-117.2898
11.8667,75.3653
33.6603,-117.9992
41.417,-87.3653
31.9514,34.8953
52.9771,49.7086
39.2972,-7.4302
30.1,77.2833
34.8167,137.4
53.2719,-9.0489
39.2549,-84.2391
41.45,15.5667
51.4844,7.005
-12.35,-38.3333
40.5333,15.1333
48.8667,2.0833
38.8924,-77.0735
51.5167,7.05
40.7345,14.5717
41.053,-76.4701
-22.2167,-54.8
39.6539,-92.9157
35.7666,-81.3355
52.1578,10.5579
42.85,13.5667
41.9882,-91.7535
34.02,-117.9495
36.0679,-86.7194
35.8333,14.5833
33.7567,-114.5124
21.7,72.9667
10.4671,105.4862
21.3267,-157.8167
53.4716,-2.2339
44.7833,10.8833
37.7217,-122.4112
46.3,25.3
40.9,14.3833
50.9,7.2
42.4634,-83.4646
44.3833,10.2333
61.2,6.5333
43.3,13.45
13.1667,-59.5333
-19.7167,-43.8333
48.0078,19.5033
36.6,140.65
53.1833,-2.5167
44.6609,-74.9258
40.6167,16.8
-19.8436,34.8389
30.5959,50.2417
-23.4833,-47.45
54.1368,18.7205
51.4926,-0.1877
29.9878,-95.655
10.95,-63.85
40.8724,-97.5972
38.6928,-9.3541
39.4662,-87.3148
51.7854,21.1869
-21.55,-45.4333
34.8167,135.5667
49.0087,2.3982
40.4653,-3.6844
52.304,36.1185
56.7728,9.3393
53.5833,-116.4167
41.9766,2.8196
51.8,-0.0333
44.0267,-95.7637
50.5,13.45
33.608,-86.6472
45.6886,21.9031
35.6189,-120.7669
45.3691,4.2049
41.9466,-87.7466
36.7849,-76.0839
-19.9667,-44.2167
42.3533,-71.1883
34.6972,-79.1683
51.5608,-0.3628
33.8502,-117.7912
46.8128,-71.2194
44.8833,26.05
25.5,51.25
43.1184,-89.5207
33.9019,-117.9108
50.6466,13.8401
39.4667,-0.4167
51.0143,7.5724
45.8647,18.5864
42.2093,-70.9326
45.855,18.2975
46.4153,17.5989
6.3373,-75.558
45.0667,7.5167
46.1354,1.2762
33.5422,-111.9679
36.3018,-94.1215
41.7232,-93.0334
33.5789,-117.1412
39.2167,9.1167
44.2833,8.5
32.5232,34.945
30.4942,47.8192
50.7167,136.9
33.9732,-78.3858
32.5421,-97.3208
37.6489,126.52
14.6686,-90.8167
48.4502,-123.3435
43.2609,-2.9388
38.6089,-90.2148
-23.2,-46.8333
55.0146,36.4719
29.9167,73.8833
5.5171,100.4265
61.3123,63.3307
43.475,13.51
41.3402,-74.8686
50.3173,11.8961
40.4513,-75.8094
44.133,-102.2186
30.2866,-81.515
50.1503,18.6799
-28.2667,-52.4
40.6617,-73.9855
42.2711,-88.139
-20.8833,-47.6167
29.5476,-98.4251
50.9833,9.7167
37.3422,-121.8833
49.245,11.0911
40.4661,-3.6718
44.1843,-88.5305
39.9115,-86.0706
40.3261,-3.5109
38.7833,-77.1234
23.25,82.55
47.353,8.723
41.3424,-75.9904
36.9518,-79.8592
48.8036,2.1342
33.5191,-86.8084
41.7156,21.7756
-26.2652,28.1406
28.6,-81.3392
44.45,11.8167
11.0667,76.0667
43.3494,-4.0479
-37.8333,145.1333
-22.8152,-45.1892
-37.8333,144.9333
56.15,37.9333
37.2372,14.5131
29.3436,47.9461
49.1173,-122.8234
36.5463,-4.6199
18.9167,-99.25
45.5333,10.7667
52.5399,18.2296
51.2167,4.65
40.9286,14.1972
43.8833,10.7333
41.9101,-8.5609
47.5966,19.3552
43.3167,-81.75
50.8167,10.3667
49.4,-123.5
40.8086,-74.1869
53.5421,-113.4989
53.754,-1.5349
-12.6333,-41.0333
52.0412,4.4026
38.9358,-77.1621
35.1121,-81.9154
41.998,-71.4941
45.3055,-93.7941
42.107,-72.6204
34.078,-117.2578
-22.4333,-46.95
18.2923,99.4928
36.7267,-4.4348
39.2434,-76.6803
47.4456,9.139
33.71,-117.9478
26.3031,-80.2701
26.5958,-80.1299
51.5942,-0.4064
52.6036,-2.1696
46.84,16.8439
40.7809,-73.779
36.518,-80.8348
52.25,-0.8833
53.1585,48.4681
45.4789,133.4282
1.5333,103.6667
-33.0081,-71.5197
21.3422,-157.8374
38.0167,23.75
36.4408,28.2225
10.6333,-61.3667
34.0964,-117.9668
39.9317,119.5883
39.7615,-75.1245
33.7919,-118.3184
43.3681,-5.8347
38.8511,115.4903
35.4676,-97.5164
48.75,1.9167
33.8047,-118.3523
37.7735,-122.2788
40.8833,17.1667
40.4344,-80.0248
35.7864,139.4678
43.1548,-75.1426
38.8185,-121.2819
47.3185,18.9678
49.2249,-123.1052
48.0667,1.3
43.4009,-3.8205
42.9394,-78.8438
53.1036,8.7875
42.0373,-88.2812
30.1796,-81.5182
39.8928,-82.9588
42.3188,-82.965
43.6667,1.2833
58.6293,59.8118
38.1236,-0.8774
47.3617,18.9812
-9.4833,-35.85
42.7394,-112.5209
18.9833,73.1
49.1987,15.8283
43.8029,131.9458
51.76,-0.56
53.3217,-1.5287
59.95,11.0833
54.2167,21.35
43.0892,-76.025
45.6908,-73.6308
59.6167,17.7167
33.0035,-96.9
43.0358,13.2992
42.0363,-82.9182
33.1357,-117.3019
48.9682,13.1279
51.5502,6.5914
40.8989,-73.7814
34.1718,-118.2915
40.0456,-86.0086
51.422,6.8566
20009,38.9213
52.461,-1.9448
45.7167,24.3833
51.5806,7.6594
40.7089,-74.0012
49.5667,8.85
46.3501,18.7091
35.941,102.2107
40.9,14.1833
44.6722,20.7175
40.6821,-74.3588
33.7153,-116.2374
2.5148,102.8158
37.6922,-97.3375
42.2897,-84.1841
26.2034,-98.23
50.6833,4.3667
50.171,18.9041
55.3187,37.5234
43.7053,-84.2377
-2,-77.5
43.9275,21.37
-21.5167,-64.75
36.8167,14.95
46.6526,-96.3937
12.45,-69.95
49.2022,8.1811
41.6706,-0.8891
45.63,12.3742
35.5736,44.6089
43.3831,-80.3191
45.2035,7.9214
51.6667,-0.0667
48.8412,2.3876
-12.0667,-77.15
40.726,-74.2332
18.7568,99.9781
44.6224,-63.5736
34.1006,-118.3275
49.7728,6.6645
37.555,-122.2687
44.3333,9.2
50.95,-2.6333
48.3,14.3
43.6948,-70.2905
-33.7333,150.8833
52.1,0.2667
44.035,-103.3782
42.2843,-85.2293
53.25,-2.1167
43.7393,-79.4005
38.0329,-78.5137
51.4374,6.9566
43.2979,-2.9915
14.5456,120.9958
33.7824,-118.1444
35.96,139.4028
44.8791,-68.733
35.3903,119.5458
38.7632,-121.2795
36.946,57.8562
51.6032,-0.2787
36.0781,-115.2124
41.45,12.6167
33.8775,-117.2235
51.7421,-0.2242
32.7447,129.8736
59.9667,11.25
45.1,24.8
26.1001,-80.2723
15.35,75.1667
-33.8893,151.2725
49.5833,3
59.8833,18.05
35.65,138.5667
49.289,-123.1294
33.9571,-118.4041
33.3615,-79.2759
39.1911,-106.8175
36.365,6.6147
38.6554,-90.4539
39.2499,-86.4555
37.877,-79.2893
41.7804,-87.6027
10.4667,-66.5333
38.678,-121.1761
43.9833,78.8
45.9425,20.1433
64.9006,-148.1613
36.8065,127.1522
39.8474,-104.9459
-43.5333,172.6333
35.8731,14.4989
47.5943,-122.6265
-3.9,-38.45
36.0075,-83.9896
32.7243,-97.0805
34.1378,-117.9474
34.6182,-99.2732
61.2059,-149.8232
59.819,32.3672
33.118,-80.0384
38.438,-122.6753
9.4942,76.3275
38.4812,-101.8062
44.59,11.9303
48.982,2.2003
50.1965,14.517
51.9478,7.991
28.5704,-81.5298
39.6817,-94.9036
-34.723,-58.5298
43.6778,-79.3992
35.6892,138.6903
-34.6685,-58.7222
19.3167,84.7833
-36.8153,174.7458
39.1365,-84.4325
33.3201,-111.8739
41.195,-8.5103
32.6958,-85.4021
50.0921,18.5475
43.3972,-70.5722
34.5389,-86.8733
-29.8579,31.0292
41.2988,-72.5363
45.8,8.8333
40.4761,17.2297
51.45,5.4667
39.0866,-93.1495
34.1743,-97.1436
47.3167,5.0167
38.4221,-92.8228
32.0231,34.7503
41.5212,-90.3858
40.3139,36.5544
35.5874,-97.5218
45.9069,12.595
23.7333,86.85
44.0633,12.5808
50.7708,6.1053
46.8,21.65
34.1425,-118.2551
53.5167,49.4333
22.3333,114.1833
36.2333,137.9667
26.3457,-80.1153
34.4853,-97.8522
35.8193,-88.9522
-33.8988,151.1781
53.55,8.5833
42.9619,-83.7204
39.9453,-8.0422
40.7182,-73.3543
44.8054,-93.6248
39.0728,114.8731
40.6441,-73.9779
34.2433,117.1908
42.2711,-89.094
39.0032,-77.1602
31.7617,-106.4858
46.9447,17.0793
45.8925,13.5017
24.1659,113.4127
35.9781,-115.2117
59.1167,10.4
34.0372,-4.9998
35.6525,-85.7284
53.9772,-10.0419
43.6364,6.8778
45.1299,-92.6779
41.55,2.2167
59.75,10.0167
50.8213,12.884
40.7637,-73.7725
16.8667,79.5833
23.9833,121.6
59.5167,17.25
51.2642,15.5697
14.6492,120.9826
40.8783,-74.0813
-20.35,-41.5333
40.7277,-93.7586
35.3089,113.8672
43.7188,-74.904
39.1839,-120.1468
47.6738,-122.3419
52.8497,9.688
55.4242,37.5547
35.1371,-85.0368
-7.2024,107.8878
52.4667,13.4884
44.9667,25.4167
44.641,-63.5682
60.9667,25.6667
47.3726,8.5161
40.8504,-73.9369
40.8817,-72.5364
45.4593,-96.4969
44.4889,-88.0704
25.4167,82.5667
40.7364,-74.0724
-23.55,-46.9333
14.7333,78.55
29.1,77.2667
37.9735,-122.5311
16.5833,82.0167
53.3667,7.2167
38.6839,-121.0526
60.9833,9.25
44.9444,-93.0933
-37.7667,144.9167
49.261,13.9051
40.8499,-73.8769
-8.35,-34.9333
52.5367,103.8864
42.5,-96.4003
20.4833,-100.9333
22.2667,114.1833
35.2828,-120.6596
41.8683,-87.8205
39.7954,114.183
51.45,6.65
32.5064,34.9209
31.9867,121.6875
39.8833,4.25
15.4167,75.6167
16.6,81.3833
-22.7403,-47.3344
45.8315,1.2578
46.2194,14.7611
50.05,9.7
40.7665,-73.827
53.8658,10.7316
22.75,77.7833
37.3268,-87.4696
51.3,13.4
16.4172,120.591
38.8139,-121.1662
45.3008,21.8892
52.2596,-0.8493
51.55,0.1667
46.1333,23.65
36.0582,-83.9147
32.1491,120.2474
39.9653,-83.0235
5.4167,101.1333
9.8478,106.3456
34.6059,-86.9833
-22.7903,-43.325
26.2794,50.2083
36.71,119.1019
43.3208,-88.0314
23.1833,75.7667
-23.1333,-46.4667
38.3502,38.3167
48.7167,21.25
36.0751,-97.0312
48.8645,-122.6307
36.7057,-4.433
32.6794,-87.3563
49.9225,-97.0947
40.7161,-73.7675
20.8167,105.9333
-38.3818,142.488
42.3,23.7667
18.8833,-99.0667
38.9667,28.85
42.4199,-114.5915
43.3833,-80.3167
45.385,12.0722
37.3622,-122.14
51.3,12.3333
61.25,73.4167
15,48
49.1,-1.4833
44.5124,7.6884
48.9048,38.4421
37.8927,-122.1978
52.4137,9.7544
38.9687,-77.3411
37.3925,126.9269
33.0325,-83.8957
-29.95,-51.0833
45.6,8.6333
34.1973,-118.2494
56.0104,90.4011
35.4894,-120.6707
32.8392,35.5014
52.0482,8.5492
28.3861,-80.742
-8.2,-35.5667
33.443,-101.8437
-26.2394,-49.4999
51.2302,6.7135
37.6788,-77.3265
29.9667,77.55
42.0334,-87.7334
31.8539,34.8386
18.8167,82.7167
-20,-175
-22.8333,-47.6
52.4095,18.8124
22.3833,114.2667
40.7228,-73.517
2.8243,101.8949
34.5728,-84.0263
45.4858,-73.564
55.8833,26.5333
-34.6986,-58.6271
50.3041,19.0358
43.9817,-121.2722
47.5333,25.8667
56.1551,39.8791
34.4667,135.3667
54.6335,21.8156
53.7,9.9833
47.6206,-122.0227
-33.8794,151.2506
36.2331,-93.0636
53.1814,44.0494
39.7724,-86.16
48.351,10.895
33.3528,-111.789
31.8156,34.7208
45.0258,14.5731
-9.7167,-35.9
46.2409,-1.0668
33.4251,-94.0477
53.9766,37.5754
26.3032,50.1353
20.6167,-105.25
-21.9167,-49.25
52.3,4.75
40.4306,-83.3341
60.0333,8.8333
43.4833,1.4333
43.286,-77.6843
37.4564,118.4856
40.0345,-82.8695
-33.7833,151.0833
39.0572,-94.5933
48.7415,2.772
26.4344,50.1033
35.2565,-120.6214
43.7839,-89.597
56.4422,60.1878
20.75,78.6167
38.732,-5.5439
39.4698,-0.3774
40.4293,-74.4203
34.1954,-79.7626
49.3569,2.788
41.65,-83.6741
40.655,29.2769
40.8984,-7.9338
45.3113,-73.2604
50.0333,8.1167
51.65,-0.1667
24.1917,55.7606
42.6599,-83.1237
50.1053,11.4426
55.1477,37.4773
43.8361,18.3103
-35.3481,149.0905
28.0345,-80.5887
41.4468,-74.0689
41.0533,-8.6433
-34.5243,-58.483
-34.6889,-58.6801
37.5333,126.9667
36.3956,-97.8784
40.2921,-76.4259
42.8602,-84.5941
47.0638,8.2775
50.1784,12.6471
27.3333,88.6167
42.5602,12.6468
38.45,39.55
53.27,-110.03
37.4249,-122.0074
41.4994,-72.9764
39.3167,3
39.207,-77.238
22.3,114.2
34.1578,-116.2732
48.8833,2.2667
36.022,-92.5041
27.9798,-81.731
39.6314,-106.5222
43.0389,-87.9065
37.4231,-76.3175
55.0605,9.1084
41.8831,-8.1472
55.1667,-118.8
49.2536,-122.9085
58.1667,8
30.502,-87.3601
15.4731,-91.3497
0.5412,123.0595
-41.2167,174.9167
43.21,23.5625
43.9748,-75.9108
34.0216,-83.8351
31.1461,118.5707
25.7541,-80.271
54.0105,38.2846
49.3121,25.2587
31.5689,120.2886
51.0513,16.1935
40.7806,30.4033
44.9047,20.2764
40.0406,-3.603
47.1972,8.8561
33.9306,-84.4613
55.7611,37.8575
39.8663,-75.1826
38.9827,-77.3401
62.5336,-164.8411
42.1343,-72.4233
45.508,-73.554
47.102,17.5589
45.7819,9.0979
56.1534,10.2255
54.0979,61.5773
36.277,-93.4198
50.0646,8.5321
44.3,-78.3333
56.0097,37.4819
37.9536,-122.078
40.8714,-73.0425
43.8,28.5833
35.5848,-77.7095
36.8851,-2.4376
50.3833,4.5833
40.0522,-81.4354
-21.0333,-47.7667
40.7065,-84.0663
44.1433,12.2497
47.3333,11.6833
40.524,-105.1396
31.9606,59.2231
29.834,-95.4342
42.6489,-71.1655
41.9232,-87.8057
1.462,103.9053
-35.3549,149.232
2.9516,101.843
-37.809,144.9256
48.1625,-122.4954
30.0028,-95.3963
37.0058,-121.5683
32.0531,34.8778
32.8195,-96.6338
46.8333,-71.1667
41.8826,-87.6292
37.9711,-121.96
51.1958,6.4387
31.8138,-106.4681
40.8291,-73.9491
40.1164,-88.2434
26.0112,-80.1495
39.834,-89.6539
34.9833,136.9833
40.9833,14.1667
33.5244,-81.9424
44.3833,7.8167
41.3807,-73.3915
11.1167,76.1167
43.649,-72.3193
45.8963,12.8732
42.8056,-74.0561
36.8122,45.9348
44.8286,-92.992
42.8816,47.6392
42.0347,-87.7614
35.1547,126.9156
39.6182,-84.2488
33.5368,-97.9683
40.1176,-83.1265
45.0667,11.7833
14.3595,121.0473
41.811,-8.8525
45.5345,6.2146
47.8114,12.377
13.45,123.6667
28.0197,-82.7718
14.5678,121.1394
-33.8167,18.4833
30.384,-97.7073
35.0486,-85.155
49.1551,-121.9459
28.6333,79.8
36.65,138.1833
37.9255,-122.5275
38.7521,-121.288
53.3955,-1.4957
16.4467,102.833
43.1833,5.7167
40.9223,-72.6371
51.9301,-0.1706
53.4982,8.4647
40.692,-73.9268
40.5447,-79.9288
44.3041,-94.4356
35.3143,-96.966
40.9064,-73.1319
38.9552,-94.6449
-22.9167,-45.4667
40.4306,-3.6933
40.912,-85.4762
51.5833,0.2
39.9167,-8.6285
35.0298,-97.471
53.5801,-113.541
35.9056,14.4761
29.9082,-98.4372
45.0167,7.5833
34.0174,-118.2004
42.1318,-71.9731
34.0736,-118.4004
48.5833,19.1333
52.1849,7.8575
38.4636,23.5994
45.6272,-94.4361
30.2966,-97.7663
49.8667,10.7833
40.9628,-75.0378
34.0754,-84.2941
48.9117,2.2847
36.3113,-84.1509
36.9,7.7667
45.5167,9.3167
55.1904,30.2049
46.0047,12.8464
39.9784,-86.118
33.7773,-84.3366
39.8663,-105.0061
38.7439,-121.2558
40.7921,-74.1627
41.1336,-8.6174
35.6633,139.9085
38.3928,-122.7507
41.2833,13.25
44.1167,15.2333
-21.9,-45.6
2.1,102.6388
45.4167,22.2167
51.4902,-0.3035
47.5869,-122.0296
-12.5,18.5
37.129,-84.0833
42.1331,-83.2182
-33.8972,18.5999
40.676,-73.9206
38.827,-123.5146
52.3667,4.65
51.7333,6.5833
42.473,-71.0982
53.5281,10.0217
53.6847,-1.5455
43.7167,10.3833
43.687,-79.5318
49.1636,-122.7677
40.824,-74.3687
38.9311,-77.3489
-7.6453,112.9075
36.1748,-101.213
33.7877,-117.9738
41.6451,-0.8879
41.6502,-81.4533
47.3119,8.5287
1.6006,103.6419
46.1107,-118.3077
38.5816,-121.4944
43.0695,-89.4202
16,8
49.0992,-122.8691
68.8025,16.5456
48.15,19.7333
50.5358,22.7276
52.5993,13.3537
37.5833,139.9167
34.0533,-118.2549
55.6833,12.4833
35.1,138.8667
40.914,-79.932
-23.1,-45.7167
35.0527,-78.8784
37.1784,-3.5992
37.2667,14.7
38.4738,-121.4434
30.1672,-81.7715
38.9907,-77.0261
28.3508,-80.7253
52.2833,-1.5833
54.572,-1.1691
36.0755,-79.0741
39.0574,-84.34
-12.7167,-60.1167
48.2,17.7167
41.6833,15.3833
34.3681,-88.6742
41.3815,2.1599
40.7482,-73.9068
20024,38.8749
41.2827,-73.8691
41.1334,-80.6119
53.4833,18.7741
44.5,26.0333
38.2075,-83.3989
44.7167,10.6
43.0367,44.6678
26.142,-81.7948
42.4833,14.1333
47.3057,8.0514
60.2667,11.1833
39.9359,-75.1534
40.473,-79.95
33.8505,-118.1099
46.789,-71.2936
42.2127,-84.3957
28.0098,-81.9337
33.0501,-117.2528
49.483,11.004
42.0334,-88.0834
-27.9894,153.3363
40.7087,-111.7143
49.4179,2.8261
23.8364,91.275
33.8466,-98.5301
40.5975,-73.9979
-20.15,-44.9
10.95,106.8167
35.0167,135.9667
29.5167,75.45
37.9299,-90.9077
27.9158,-82.229
40.6256,-95.6874
50.9333,4.4333
38.8048,-77.0469
46.283,-96.0776
41.2864,-72.7956
33.6695,-117.8231
39.7349,-94.8066
52.4402,9.6656
36.4333,-5.1333
-33.8262,151.1949
51.304,6.5899
37.1035,-80.4207
40.8536,-74.0209
-29.7667,-51.15
35.45,135.3333
34.698,-118.1367
17.6158,121.7228
38.1667,13.2333
34.2321,-119.0752
46.3167,20.8167
42.6189,-73.7065
0.5333,101.45
37.5333,121.4
64.7783,-147.3371
53.4,-3.0333
42.1743,-87.881
-33.9,151.1833
42.5048,-71.1956
41.2049,32.6277
-20.1619,57.4989
28.9,76.5667
38,23.3456
42.1617,-88.3285
18.75,73.0833
44.8541,38.6769
-2,30
55.3875,36.7331
44.65,11.3667
51.1451,-0.1038
38.7144,-121.8529
-22.5667,-44.9667
34.2903,58.465
20008,38.9345
41.805,-79.2212
47.5078,19.6666
34.1693,-118.2663
-37.8667,145.2833
49.249,7.3649
41.0333,16.9833
36.3457,-94.2514
31.4397,-97.7853
22.0837,-159.3553
32.7814,-97.0997
34.7449,-92.3205
40.0893,-77.2056
42.0567,-76.0272
27.8189,-82.729
44.9043,10.5563
14.9025,120.8485
49.1,-122.65
2.196,102.2405
37.354,-82.1746
40.6677,-111.9388
-25.3833,-57.3333
41.7527,-72.7585
30.0549,-95.4771
48.7435,2.0615
49.2574,-123.1836
22.3333,87.3333
42.9943,-81.2623
42.3896,-72.4534
43.7167,10.95
38.1642,-121.5935
48.807,24.5383
43.0481,-76.1474
51.4689,-0.2636
42.8776,-84.3822
51.4814,5.7001
45.0333,25.85
32.8391,-95.7591
40.96,-5.6661
38.2813,-85.8401
51.6167,6.3667
55.2833,-114.7833
43.8895,-0.5005
33.5779,-101.8552
33.9856,-98.6966
48.3775,-89.2704
37.9361,-122.5367
40.7087,-74.0104
52.7667,-1.2
3.7899,101.857
40.1879,-75.4254
35.7894,-90.7628
-12.6667,-38.55
41.8167,12.8
38.6681,-121.3736
45.3667,11.1333
36.2797,50.0049
43.8333,10.4833
6.6231,100.0668
36.0643,-87.4302
51.6007,7.1927
47.4833,14.4833
10.805,78.6856
-20.3094,57.5008
42.7684,-78.8871
42.4895,-83.1446
42.1507,-93.2991
35.5711,-5.3724
40.9167,14.2
47.3624,-122.1982
-34.5838,-60.9433
36.2211,-82.7738
-34.8915,-58.3776
55.8971,-3.3107
51.0472,-114.0802
35.9439,126.9544
43.0709,-89.1885
47.3154,7.8293
40.7461,14.6428
6.4414,100.1986
34.5794,-118.1165
38.2167,15.2333
38.7466,-104.7103
43.8491,-91.575
43.241,-79.8452
28.1461,-82.7568
-37.7833,144.8833
41.1398,31.7204
23.6833,86.9833
39.95,18.3
41.5159,-81.6815
48.4757,-81.3366
46.3291,6.3795
40.5932,17.8883
49.5031,-119.5905
41.0285,-79.3372
34.7304,-86.5861
40.3563,-111.7325
30.2406,-81.6188
23.6133,58.5933
32.4814,-84.9033
45.5333,6.05
-28.4696,-65.7852
47.7793,1.8742
45.3259,9.4642
40.3393,-111.5709
40.7524,-73.9789
41.1172,20.8019
49.3167,8.3408
42.9634,-85.6681
56.1322,47.2519
-37.86,144.9717
35.6731,139.4003
43.1913,-95.4568
10.4,106.3333
48.4388,3.5634
37.9912,-121.8098
46.15,9.5167
8,38
48.1387,-101.3393
27.4917,-82.6405
36.8468,-76.2852
35.9125,14.5019
64.5401,40.5433
34.2998,-96.6708
40.7605,-73.9933
-29.1211,26.214
43.0748,-76.1453
-7.0167,-37.2667
-34.4196,-58.5939
56.0313,9.9317
41.3158,-73.1354
41.1822,41.8194
52.2833,13.6167
-27.9,153.3
55.8389,12.0676
43.0161,-86.1267
49.8826,-97.1623
43.583,-71.0393
51.8503,-4.3
41.2917,-96.1711
41.7759,-72.5215
48.0004,0.2047
43.4094,-3.4244
51.75,-0.3333
42.5858,-82.8234
50.1333,8.45
51.05,0.7
47.5839,-122.2995
48.8167,12.05
54.5378,52.7985
51.8167,-0.8
49.2039,16.7824
50.8034,6.0627
45.6833,9.4333
52.4667,14.5333
40.45,17.3833
45.7184,9.4327
50.7369,-1.809
40.75,14.5167
-35.1191,-60.4897
32.7773,-117.1008
-37.7667,144.7833
46.1,19.6667
59.5,18.05
34.8379,48.5113
41.3924,-83.649
40.7146,-74.015
40.1625,44.3422
23.6667,87.7167
41.115,1.2499
38.7625,-121.1649
37.9011,-121.3995
35.5449,-80.615
29.734,-98.919
47.2554,17.728
25.55,-103.4333
52.6333,-1.1333
47.3438,19.0434
46.7739,7.5725
40.6925,-74.0704
43.0667,12.55
52,-0.9833
-37.8,144.9667
32.6475,110.7781
50.8598,16.3282
27.9095,-82.7873
35.3167,139.35
43.3445,-85.8504
40.8478,-74.7097
53.5792,-0.638
42.1733,-72.7715
23.0833,114.4
53.3785,-2.9479
42.3632,-94.015
33.8333,132.7667
39.6603,-8.8248
33.9275,-118.0657
15.2,145.75
